NQUEST;Srvyr;DURACAO;Upload;Status;DINI;DFIM;VERSAO;PF1;IDADE1;SEXO;P1;P2;P3;P4;P5;P6;P7;P8;PEA;PARTIDO;ESCOLA;RENDAF;PONTO;PESQ
5873165;tab12;0:11:01;9/17/2013;Approved;9/17/2013;9/17/2013;11;1;58;1;2;3;7;99;2;4;1;99;7;96;2;1;2496;4352
5873221;tab11;0:08:33;9/17/2013;Approved;9/17/2013;9/17/2013;11;1;19;1;2;4;4;1;2;4;2;2;13;2;5;4;1506;13221
5873331;tab11;0:03:31;9/17/2013;Approved;9/17/2013;9/17/2013;11;1;28;1;2;2;8;1;2;4;2;1;1;96;6;2;1506;13221
5873336;tab12;1:25:21;9/17/2013;Approved;9/17/2013;9/17/2013;11;1;69;2;1;3;8;1;99;2;2;2;11;4;2;1;2496;4352
5873372;tab11;0:03:10;9/17/2013;Approved;9/17/2013;9/17/2013;11;1;56;1;1;5;3;1;2;4;1;1;1;96;7;6;1506;13221
5873534;tab11;0:02:42;9/17/2013;Approved;9/17/2013;9/17/2013;11;1;17;1;4;99;5;99;2;4;99;99;13;96;4;1;1506;13221
5873557;tab12;9:00:06;9/17/2013;Approved;9/16/2013;9/17/2013;11;1;44;1;2;5;,5;1;2;4;1;1;4;96;4;1;2496;4352
5873558;tab18;0:05:33;9/17/2013;Approved;9/17/2013;9/17/2013;11;1;45;2;1;99;2;1;2;4;2;2;7;96;5;3;292;13047
5873584;tab03;0:05:45;9/17/2013;Approved;9/17/2013;9/17/2013;11;1;16;1;3;3;7;1;2;3;1;1;13;96;4;2;1748;10231
5873590;tab38;0:05:06;9/17/2013;Approved;9/17/2013;9/17/2013;11;1;18;1;4;3;7;1;1;4;1;2;2;96;3;2;2663;13211
5873602;tab24;0:05:15;9/17/2013;Approved;9/17/2013;9/17/2013;11;1;52;1;1;2;8;1;2;2;1;1;1;96;5;5;2263;13334
5873658;tab03;0:06:37;9/17/2013;Approved;9/17/2013;9/17/2013;11;1;29;1;1;5;,5;1;2;4;2;2;1;96;7;4;1748;10231
5873687;tab18;0:03:49;9/17/2013;Approved;9/17/2013;9/17/2013;11;1;76;1;1;5;5;1;2;4;99;99;12;96;2;3;292;13047
5873723;tab11;0:03:45;9/17/2013;Approved;9/17/2013;9/17/2013;11;1;36;1;2;4;3;1;2;4;1;1;13;96;5;4;1506;13221
5873727;tab24;0:03:35;9/17/2013;Approved;9/17/2013;9/17/2013;11;1;16;2;4;4;6;1;2;4;1;1;13;2;4;1;2263;13334
5873735;tab12;0:07:45;9/17/2013;Approved;9/17/2013;9/17/2013;11;1;59;2;2;4;99;2;1;3;1;99;11;2;5;1;2496;4352
5873759;tab18;0:03:10;9/17/2013;Approved;9/17/2013;9/17/2013;11;1;57;1;2;1;8;1;2;2;2;1;1;2;3;3;292;13047
5873763;tab38;0:06:29;9/17/2013;Approved;9/17/2013;9/17/2013;11;1;43;2;2;4;5;1;2;2;1;2;7;96;2;2;2663;13211
5873780;tab15;0:06:09;9/17/2013;Approved;9/17/2013;9/17/2013;11;1;40;2;4;1;10;99;2;4;2;1;2;95;1;1;3283;13369
5873790;tab13;0:04:17;9/17/2013;Approved;9/17/2013;9/17/2013;11;1;39;1;2;2;7;1;2;2;2;1;1;14;6;4;1222;13222
5873811;tab03;0:08:39;9/17/2013;Approved;9/17/2013;9/17/2013;11;1;41;2;1;5;,5;1;2;4;1;2;11;96;3;2;1748;10231
5873817;tab05;0:03:49;9/17/2013;Approved;9/17/2013;9/17/2013;11;1;43;2;2;5;,5;1;2;2;2;1;10;96;5;2;3142;13633
5873878;tab19;0:07:14;9/17/2013;Approved;9/17/2013;9/17/2013;11;1;26;2;2;5;9;99;1;4;99;99;1;5;5;1;2508;11585
5873880;tab36;0:06:49;9/17/2013;Approved;9/17/2013;9/17/2013;11;1;38;2;2;5;,5;1;2;4;1;2;1;2;7;1;708;13248
5873881;tab22;0:04:55;9/17/2013;Approved;9/17/2013;9/17/2013;11;1;19;2;2;3;5;1;2;2;1;2;1;96;6;4;466;13179
5873882;tab24;0:05:19;9/17/2013;Approved;9/17/2013;9/17/2013;11;1;85;1;2;2;5;2;1;1;1;1;12;96;7;5;2263;13334
5873891;tab27;0:07:02;9/17/2013;Approved;9/17/2013;9/17/2013;11;1;54;2;2;2;7;1;2;4;2;1;12;96;7;2;1882;11645
5873893;tab11;0:04:10;9/17/2013;Approved;9/17/2013;9/17/2013;11;1;35;2;2;5;5;1;2;2;2;2;7;96;5;3;1506;13221
5873910;tab38;0:06:17;9/17/2013;Approved;9/17/2013;9/17/2013;11;1;16;2;4;5;8;1;2;4;2;2;13;96;4;1;2663;13211
5873954;tab12;0:11:01;9/17/2013;Approved;9/17/2013;9/17/2013;11;1;45;1;2;1;8;1;2;2;1;1;7;2;2;3;2496;4352
5873955;tab03;0:05:26;9/17/2013;Approved;9/17/2013;9/17/2013;11;1;25;2;1;5;,5;1;2;4;2;1;11;96;4;1;1748;10231
5873985;tab31;0:13:04;9/17/2013;Approved;9/17/2013;9/17/2013;11;1;44;2;2;5;3;1;2;2;2;2;1;96;5;1;53;13518
5873987;tab05;0:03:47;9/17/2013;Approved;9/17/2013;9/17/2013;11;1;17;1;4;4;5;1;1;4;1;1;2;96;1;1;3142;13633
5873988;tab15;0:06:14;9/17/2013;Approved;9/17/2013;9/17/2013;11;1;24;2;2;3;5;1;2;3;2;99;10;96;5;1;3283;13369
5873994;tab40;0:10:48;9/17/2013;Approved;9/17/2013;9/17/2013;11;1;58;1;4;2;,5;1;2;4;2;2;12;96;2;1;1970;13663
5874003;tab18;0:02:53;9/17/2013;Approved;9/17/2013;9/17/2013;11;1;26;1;4;99;5;99;2;4;1;1;1;2;5;2;292;13047
5874005;tab01;0:05:37;9/17/2013;Approved;9/17/2013;9/17/2013;11;1;19;1;2;3;6;1;2;4;2;1;1;96;5;1;40;12729
5874020;tab19;0:04:40;9/17/2013;Approved;9/17/2013;9/17/2013;11;1;40;2;2;5;3;1;2;2;2;1;7;2;5;2;2508;11585
5874038;tab22;0:07:00;9/17/2013;Approved;9/17/2013;9/17/2013;11;1;27;2;1;3;6;1;2;4;2;2;1;4;7;4;466;13179
5874041;tab27;0:06:20;9/17/2013;Approved;9/17/2013;9/17/2013;11;1;64;2;2;5;2;1;2;4;2;2;7;96;1;1;1882;11645
5874042;tab13;0:11:15;9/17/2013;Approved;9/17/2013;9/17/2013;11;1;51;1;1;1;8;1;2;1;2;2;1;96;7;5;1222;13222
5874047;tab03;0:05:36;9/17/2013;Approved;9/17/2013;9/17/2013;11;1;39;2;2;2;8;1;1;4;1;99;11;2;5;1;1748;10231
5874076;tab36;0:06:10;9/17/2013;Approved;9/17/2013;9/17/2013;11;1;24;2;2;5;,5;1;2;4;1;1;2;96;5;2;708;13248
5874079;tab05;0:04:30;9/17/2013;Approved;9/17/2013;9/17/2013;11;1;55;1;1;1;10;1;2;1;2;1;6;4;6;4;3142;13633
5874082;tab11;0:05:12;9/17/2013;Approved;9/17/2013;9/17/2013;11;1;69;1;3;5;,5;1;2;2;1;2;12;4;1;3;1506;13221
5874089;tab15;0:04:41;9/17/2013;Approved;9/17/2013;9/17/2013;11;1;37;1;2;3;7;1;2;4;2;1;1;4;2;2;3283;13369
5874101;tab01;0:03:18;9/17/2013;Approved;9/17/2013;9/17/2013;11;1;30;1;2;5;6;1;2;1;2;2;1;96;2;2;40;12729
5874150;tab40;10:32:58;9/17/2013;Approved;9/16/2013;9/17/2013;11;1;16;2;2;3;7;1;99;2;2;1;1;96;6;2;1970;13663
5874158;tab18;0:03:14;9/17/2013;Approved;9/17/2013;9/17/2013;11;1;41;1;2;4;1;1;2;4;1;1;1;96;4;3;292;13047
5874176;tab24;0:03:40;9/17/2013;Approved;9/17/2013;9/17/2013;11;1;33;2;2;5;,5;1;2;4;2;1;1;96;5;4;2263;13334
5874188;tab31;0:06:38;9/17/2013;Approved;9/17/2013;9/17/2013;11;1;66;2;4;99;99;99;99;4;99;99;7;96;5;1;53;13518
5874193;tab25;0:05:28;9/17/2013;Approved;9/17/2013;9/17/2013;11;1;49;1;2;5;2;1;2;4;1;1;4;95;2;3;688;3261
5874195;tab38;0:04:43;9/17/2013;Approved;9/17/2013;9/17/2013;11;1;77;1;2;4;5;1;2;4;99;99;12;2;1;2;2663;13211
5874223;tab19;0:05:31;9/17/2013;Approved;9/17/2013;9/17/2013;11;1;28;1;2;1;9;1;1;2;1;1;1;95;5;1;2508;11585
5874232;tab03;0:06:18;9/17/2013;Approved;9/17/2013;9/17/2013;11;1;27;1;2;2;9;1;2;3;2;2;2;4;5;1;1748;10231
5874243;tab39;0:04:00;9/17/2013;Approved;9/17/2013;9/17/2013;11;1;55;2;2;2;8;1;2;4;2;1;1;2;3;1;2822;13204
5874244;tab13;0:03:30;9/17/2013;Approved;9/17/2013;9/17/2013;11;1;36;2;1;3;6;1;2;4;2;1;1;96;7;5;1222;13222
5874254;tab01;0:03:45;9/17/2013;Approved;9/17/2013;9/17/2013;11;1;37;2;3;5;3;1;1;3;1;2;1;96;5;2;40;12729
5874257;tab15;0:04:59;9/17/2013;Approved;9/17/2013;9/17/2013;11;1;24;2;2;5;5;1;2;4;2;2;16;2;6;1;3283;13369
5874265;tab14;0:12:43;9/17/2013;Approved;9/17/2013;9/17/2013;11;1;26;2;3;5;,5;1;2;4;1;2;1;96;3;1;183;6248
5874266;tab14;0:07:59;9/17/2013;Approved;9/17/2013;9/17/2013;11;1;47;1;1;5;2;1;2;1;2;1;2;96;3;1;183;6248
5874267;tab14;0:13:20;9/17/2013;Approved;9/17/2013;9/17/2013;11;1;66;2;2;2;6;1;2;1;2;1;12;96;7;4;183;6248
5874274;tab07;0:06:45;9/17/2013;Approved;9/17/2013;9/17/2013;11;1;33;1;2;3;5;1;2;1;2;2;1;96;4;1;3373;13239
5874288;tab05;0:06:03;9/17/2013;Approved;9/17/2013;9/17/2013;11;1;74;2;2;4;7;1;2;4;1;1;12;96;2;2;3142;13633
5874293;tab12;0:04:02;9/17/2013;Approved;9/17/2013;9/17/2013;11;1;18;2;2;2;7;1;2;2;2;2;13;2;5;2;2496;4352
5874297;tab10;0:05:03;9/17/2013;Approved;9/17/2013;9/17/2013;11;1;20;1;3;3;6;1;1;3;2;1;2;96;5;1;3271;11248
5874301;tab01;0:03:16;9/17/2013;Approved;9/17/2013;9/17/2013;11;1;24;2;3;2;8;1;2;3;2;2;1;96;6;4;40;12729
5874304;tab22;0:10:57;9/17/2013;Approved;9/17/2013;9/17/2013;11;1;64;2;1;1;9;1;2;1;2;1;11;2;2;1;466;13179
5874305;tab24;0:04:19;9/17/2013;Approved;9/17/2013;9/17/2013;11;1;40;2;4;99;99;1;1;2;1;1;1;2;2;1;2263;13334
5874312;tab25;0:06:12;9/17/2013;Approved;9/17/2013;9/17/2013;11;1;67;1;1;5;5;1;2;1;2;1;12;96;7;4;688;3261
5874317;tab18;0:02:53;9/17/2013;Approved;9/17/2013;9/17/2013;11;1;31;1;1;2;7;1;2;1;2;1;1;96;5;4;292;13047
5874334;tab11;0:04:54;9/17/2013;Approved;9/17/2013;9/17/2013;11;1;34;1;2;2;8;1;2;4;2;99;1;2;5;4;1506;13221
5874339;tab02;0:05:30;9/17/2013;Approved;9/17/2013;9/17/2013;11;1;17;1;3;4;3;1;2;4;99;99;8;4;3;97;2091;13467
5874342;tab19;0:05:26;9/17/2013;Approved;9/17/2013;9/17/2013;11;1;67;2;4;5;,5;1;99;4;1;1;14;96;1;1;2508;11585
5874360;tab05;0:03:34;9/17/2013;Approved;9/17/2013;9/17/2013;11;1;40;1;2;5;2;1;2;4;2;1;1;2;5;4;3142;13633
5874369;tab36;0:11:45;9/17/2013;Approved;9/17/2013;9/17/2013;11;1;40;1;2;5;1;1;2;2;1;1;1;96;3;2;708;13248
5874374;tab27;0:16:38;9/17/2013;Approved;9/17/2013;9/17/2013;11;1;23;1;2;5;1;1;2;4;2;1;2;96;4;1;1882;11645
5874377;tab03;0:09:10;9/17/2013;Approved;9/17/2013;9/17/2013;11;1;39;1;2;3;2;1;2;1;2;2;1;96;5;3;1748;10231
5874378;tab01;0:04:03;9/17/2013;Approved;9/17/2013;9/17/2013;11;1;37;1;4;1;10;1;2;2;2;2;1;96;1;2;40;12729
5874379;tab15;0:06:34;9/17/2013;Approved;9/17/2013;9/17/2013;11;1;21;1;4;4;3;1;1;4;2;2;1;96;3;1;3283;13369
5874403;tab14;0:07:35;9/17/2013;Approved;9/17/2013;9/17/2013;11;1;75;1;1;4;99;1;2;1;2;99;7;96;5;2;183;6248
5874411;tab10;0:05:50;9/17/2013;Approved;9/17/2013;9/17/2013;11;1;38;2;4;3;7;1;1;4;1;1;1;96;5;2;3271;11248
5874425;tab12;0:08:29;9/17/2013;Approved;9/17/2013;9/17/2013;11;1;69;1;3;99;5;1;99;4;99;99;12;96;2;2;2496;4352
5874472;tab19;0:07:00;9/17/2013;Approved;9/17/2013;9/17/2013;11;1;17;2;4;3;5;2;1;4;1;1;11;96;3;1;2508;11585
5874476;tab38;0:05:41;9/17/2013;Approved;9/17/2013;9/17/2013;11;1;23;2;3;5;1;1;2;4;2;2;1;96;5;4;2663;13211
5874491;tab25;0:09:53;9/17/2013;Approved;9/17/2013;9/17/2013;11;1;63;2;2;5;5;1;99;2;99;1;7;2;2;3;688;3261
5874495;tab01;0:04:03;9/17/2013;Approved;9/17/2013;9/17/2013;11;1;39;1;1;2;8;1;1;1;1;2;1;96;8;4;40;12729
5874498;tab31;0:12:21;9/17/2013;Approved;9/17/2013;9/17/2013;11;1;46;1;2;5;,5;1;2;2;2;1;2;96;3;3;53;13518
5874514;tab07;0:04:17;9/17/2013;Approved;9/17/2013;9/17/2013;11;1;31;1;2;3;5;1;2;2;1;1;4;98;5;4;3373;13239
5874528;tab13;0:15:10;9/17/2013;Approved;9/17/2013;9/17/2013;11;1;41;2;1;5;1;1;2;4;1;1;2;1;4;1;1222;13222
5874540;tab04;0:04:39;9/17/2013;Approved;9/17/2013;9/17/2013;11;1;30;1;1;3;5;1;2;4;1;1;1;96;5;1;3401;13266
5874544;tab16;0:04:47;9/17/2013;Approved;9/17/2013;9/17/2013;11;1;27;2;2;3;6;1;2;4;2;2;1;96;5;3;2143;898
5874547;tab02;0:05:24;9/17/2013;Approved;9/17/2013;9/17/2013;11;1;40;2;2;99;3;1;1;4;1;99;4;96;3;1;2091;13467
5874548;tab15;0:04:50;9/17/2013;Approved;9/17/2013;9/17/2013;11;1;37;2;4;5;5;1;2;4;1;2;10;95;5;4;3283;13369
5874552;tab03;0:08:06;9/17/2013;Approved;9/17/2013;9/17/2013;11;1;58;2;3;1;8;1;1;4;2;2;11;2;1;1;1748;10231
5874591;tab05;0:04:03;9/17/2013;Approved;9/17/2013;9/17/2013;11;1;48;1;2;4;2;1;2;2;2;1;2;4;5;2;3142;13633
5874603;tab22;0:10:55;9/17/2013;Approved;9/17/2013;9/17/2013;11;1;22;1;2;4;7;1;2;2;2;2;1;2;2;2;466;13179
5874668;tab01;0:03:31;9/17/2013;Approved;9/17/2013;9/17/2013;11;1;47;2;4;3;7;1;2;2;1;1;1;96;2;3;40;12729
5874675;tab27;0:09:39;9/17/2013;Approved;9/17/2013;9/17/2013;11;1;47;2;4;99;6;1;2;4;1;1;1;5;2;1;1882;11645
5874686;tab32;0:14:08;9/17/2013;Approved;9/17/2013;9/17/2013;11;1;34;2;2;5;5;1;2;2;1;2;1;96;2;2;825;10348
5874697;tab09;0:17:13;9/17/2013;Approved;9/17/2013;9/17/2013;11;1;49;2;2;3;8;1;1;4;2;2;1;2;2;1;3844;12583
5874710;tab39;0:04:34;9/17/2013;Approved;9/17/2013;9/17/2013;11;1;23;2;3;3;6;1;2;4;2;99;1;96;5;3;2822;13204
5874715;tab19;0:04:37;9/17/2013;Approved;9/17/2013;9/17/2013;11;1;77;1;4;5;5;1;2;4;99;99;12;5;2;2;2508;11585
5874722;tab07;0:03:12;9/17/2013;Approved;9/17/2013;9/17/2013;11;1;16;1;2;4;4;1;2;4;2;2;7;96;4;3;3373;13239
5874750;tab10;0:04:39;9/17/2013;Approved;9/17/2013;9/17/2013;11;1;20;2;2;5;2;1;2;4;2;1;1;96;5;5;3271;11248
5874788;tab02;0:07:30;9/17/2013;Approved;9/17/2013;9/17/2013;11;1;56;2;1;2;7;1;99;3;1;2;4;4;6;2;2091;13467
5874811;tab05;0:04:36;9/17/2013;Approved;9/17/2013;9/17/2013;11;1;40;1;2;3;4;1;1;4;1;1;1;4;2;1;3142;13633
5874821;tab01;0:04:16;9/17/2013;Approved;9/17/2013;9/17/2013;11;1;29;2;2;5;1;1;2;4;2;1;1;96;5;2;40;12729
5874822;tab24;0:10:45;9/17/2013;Approved;9/17/2013;9/17/2013;11;1;39;2;3;3;5;1;2;4;2;2;7;96;4;1;688;3261
5874827;tab40;1:34:52;9/17/2013;Approved;9/17/2013;9/17/2013;11;1;28;2;2;3;4;1;2;2;2;1;1;96;5;2;1970;13663
5874828;tab40;0:02:46;9/17/2013;Approved;9/17/2013;9/17/2013;11;1;39;1;2;2;8;1;2;2;1;2;5;2;4;4;1970;13663
5874829;tab35;0:13:06;9/17/2013;Approved;9/17/2013;9/17/2013;11;1;42;1;2;3;5;1;2;2;1;1;12;2;3;5;802;5621
5874839;tab36;0:15:51;9/17/2013;Approved;9/17/2013;9/17/2013;11;1;47;2;4;99;99;1;2;4;99;99;1;96;5;1;708;13248
5874849;tab32;0:06:10;9/17/2013;Approved;9/17/2013;9/17/2013;11;1;40;2;2;3;6;1;2;2;1;1;6;96;7;4;825;10348
5874859;tab31;0:05:37;9/17/2013;Approved;9/17/2013;9/17/2013;11;1;30;1;2;1;10;1;2;1;2;2;10;4;3;1;53;13518
5874873;tab37;0:08:26;9/17/2013;Approved;9/17/2013;9/17/2013;11;1;39;1;2;1;8;1;2;1;2;2;6;96;7;5;3547;11628
5874882;tab25;0:06:09;9/17/2013;Approved;9/17/2013;9/17/2013;11;1;49;2;2;5;,5;1;2;2;2;1;1;96;5;3;2263;13334
5874887;tab01;0:02:49;9/17/2013;Approved;9/17/2013;9/17/2013;11;1;51;1;4;1;10;1;1;4;1;1;1;96;3;2;40;12729
5874890;tab09;0:05:36;9/17/2013;Approved;9/17/2013;9/17/2013;11;1;31;1;2;5;,5;1;2;2;2;1;1;2;5;2;3844;12583
5874896;tab22;0:07:21;9/17/2013;Approved;9/17/2013;9/17/2013;11;1;31;2;3;5;5;1;2;2;2;2;1;96;5;2;466;13179
5874929;tab18;0:02:55;9/17/2013;Approved;9/17/2013;9/17/2013;11;1;65;1;2;1;4;1;2;2;2;99;7;96;2;5;292;13047
5874931;tab14;0:18:45;9/17/2013;Approved;9/17/2013;9/17/2013;11;1;34;2;3;3;7;1;2;2;2;2;7;96;8;5;183;6248
5874947;tab16;0:05:39;9/17/2013;Approved;9/17/2013;9/17/2013;11;1;54;1;2;5;99;1;2;2;2;2;10;4;2;4;2143;898
5874957;tab08;0:07:23;9/17/2013;Approved;9/17/2013;9/17/2013;11;1;21;1;2;3;9;1;2;4;1;2;1;96;4;3;2516;12008
5874975;tab37;0:02:44;9/17/2013;Approved;9/17/2013;9/17/2013;11;1;37;2;4;5;,5;1;2;4;2;2;1;96;1;1;3547;11628
5874986;tab02;0:05:25;9/17/2013;Approved;9/17/2013;9/17/2013;11;1;26;1;2;2;9;1;1;1;2;1;1;2;5;3;2091;13467
5874997;tab03;0:16:09;9/17/2013;Approved;9/17/2013;9/17/2013;11;1;39;1;2;3;5;1;2;4;2;2;2;96;5;1;1748;10231
5875001;tab36;0:05:29;9/17/2013;Approved;9/17/2013;9/17/2013;11;1;85;1;3;5;,5;2;1;4;2;99;12;2;2;1;708;13248
5875007;tab01;0:04:27;9/17/2013;Approved;9/17/2013;9/17/2013;11;1;44;2;4;99;5;1;2;4;2;1;7;96;5;4;40;12729
5875033;tab07;0:03:57;9/17/2013;Approved;9/17/2013;9/17/2013;11;1;45;2;2;3;7;1;1;4;1;1;7;96;5;1;3373;13239
5875054;tab32;0:03:32;9/17/2013;Approved;9/17/2013;9/17/2013;11;1;22;1;2;2;7;1;2;2;2;1;1;4;7;5;825;10348
5875097;tab24;0:05:09;9/17/2013;Approved;9/17/2013;9/17/2013;11;1;16;2;2;4;6;1;1;2;1;2;2;8;4;1;2263;13334
5875178;tab09;0:05:57;9/17/2013;Approved;9/17/2013;9/17/2013;11;1;57;1;1;3;5;1;2;1;1;2;6;5;3;3;3844;12583
5875179;tab38;0:25:45;9/17/2013;Approved;9/17/2013;9/17/2013;11;1;35;2;2;99;8;1;2;4;2;2;2;2;2;1;2663;13211
5875181;tab37;0:03:01;9/17/2013;Approved;9/17/2013;9/17/2013;11;1;48;2;4;99;,5;99;2;4;99;99;1;96;2;1;3547;11628
5875195;tab40;0:02:37;9/17/2013;Approved;9/17/2013;9/17/2013;11;1;46;2;2;5;,5;1;2;2;2;1;11;2;5;1;1970;13663
5875199;tab18;0:04:03;9/17/2013;Approved;9/17/2013;9/17/2013;11;1;38;1;2;4;3;1;2;2;2;1;7;96;7;4;292;13047
5875205;tab15;0:12:32;9/17/2013;Approved;9/17/2013;9/17/2013;11;1;59;1;4;99;99;2;1;2;1;1;12;96;1;2;3283;13369
5875237;tab08;0:05:38;9/17/2013;Approved;9/17/2013;9/17/2013;11;1;59;2;2;3;6;1;2;2;1;1;11;2;5;4;2516;12008
5875238;tab29;0:08:58;9/17/2013;Approved;9/17/2013;9/17/2013;11;1;47;2;2;5;,5;1;2;4;1;2;10;96;1;1;380;11150
5875243;tab22;0:07:29;9/17/2013;Approved;9/17/2013;9/17/2013;11;1;63;2;2;99;99;1;2;4;1;1;11;96;2;1;466;13179
5875245;tab03;0:06:03;9/17/2013;Approved;9/17/2013;9/17/2013;11;1;48;2;1;3;6;1;2;4;1;1;11;96;2;2;1748;10231
5875255;tab36;0:05:42;9/17/2013;Approved;9/17/2013;9/17/2013;11;1;53;2;4;99;99;99;99;4;99;99;7;96;2;1;708;13248
5875257;tab13;0:03:57;9/17/2013;Approved;9/17/2013;9/17/2013;11;1;73;2;3;2;7;1;2;2;2;1;12;96;4;3;1222;13222
5875258;tab27;0:20:31;9/17/2013;Approved;9/17/2013;9/17/2013;11;1;52;1;3;2;7;2;2;1;2;2;6;96;7;4;1882;11645
5875259;tab16;0:07:00;9/17/2013;Approved;9/17/2013;9/17/2013;11;1;37;2;4;2;10;99;1;4;99;1;10;96;2;1;2143;898
5875266;tab31;0:05:19;9/17/2013;Approved;9/17/2013;9/17/2013;11;1;48;2;3;1;10;1;2;2;2;99;1;2;7;2;53;13518
5875267;tab05;0:04:46;9/17/2013;Approved;9/17/2013;9/17/2013;11;1;52;2;2;3;5;1;2;2;1;1;11;4;2;1;3142;13633
5875268;tab02;0:06:50;9/17/2013;Approved;9/17/2013;9/17/2013;11;1;33;1;2;2;7;1;2;4;2;1;1;96;3;3;2091;13467
5875274;tab35;0:08:51;9/17/2013;Approved;9/17/2013;9/17/2013;11;1;43;2;3;5;,5;1;2;2;1;1;1;2;1;1;802;5621
5875303;tab40;0:39:52;9/17/2013;Approved;9/17/2013;9/17/2013;11;1;45;1;2;4;3;1;2;4;1;1;2;4;4;2;1970;13663
5875309;tab01;0:03:49;9/17/2013;Approved;9/17/2013;9/17/2013;11;1;24;2;2;3;7;1;1;4;1;2;1;96;5;6;40;12729
5875320;tab18;0:02:51;9/17/2013;Approved;9/17/2013;9/17/2013;11;1;58;2;2;5;,5;1;1;4;2;2;6;96;6;3;292;13047
5875323;tab40;0:52:23;9/17/2013;Approved;9/17/2013;9/17/2013;11;1;65;2;4;3;7;1;2;1;1;2;11;96;2;1;1970;13663
5875327;tab39;0:04:36;9/17/2013;Approved;9/17/2013;9/17/2013;11;1;34;1;2;4;4;1;2;2;2;2;7;2;4;1;2822;13204
5875330;tab15;0:04:10;9/17/2013;Approved;9/17/2013;9/17/2013;11;1;64;1;4;99;99;2;99;4;99;99;2;96;1;99;3283;13369
5875353;tab04;0:04:23;9/17/2013;Approved;9/17/2013;9/17/2013;11;1;36;2;4;99;9;99;2;4;2;2;1;96;2;1;3401;13266
5875354;tab32;0:05:20;9/17/2013;Approved;9/17/2013;9/17/2013;11;1;22;2;4;5;6;2;2;4;2;2;2;96;2;99;825;10348
5875356;tab12;0:33:31;9/17/2013;Approved;9/17/2013;9/17/2013;11;1;29;2;2;5;,5;1;2;4;2;2;1;14;5;1;2496;4352
5875360;tab21;0:07:00;9/17/2013;Approved;9/17/2013;9/17/2013;11;1;36;1;1;5;,5;1;2;2;2;2;7;2;3;3;3639;11759
5875362;tab03;0:03:59;9/17/2013;Approved;9/17/2013;9/17/2013;11;1;60;1;2;3;5;1;2;1;2;99;12;4;5;1;1748;10231
5875363;tab11;0:03:37;9/17/2013;Approved;9/17/2013;9/17/2013;11;1;31;2;3;5;6;1;2;4;2;2;1;96;4;3;1506;13221
5875365;tab20;0:31:17;9/17/2013;Approved;9/17/2013;9/17/2013;11;1;39;1;4;5;,5;1;2;4;1;1;7;2;1;1;1809;12585
5875371;tab29;0:04:47;9/17/2013;Approved;9/17/2013;9/17/2013;11;1;59;1;4;2;8;2;2;2;2;2;1;96;1;1;380;11150
5875372;tab36;0:04:19;9/17/2013;Approved;9/17/2013;9/17/2013;11;1;61;2;2;5;,5;1;2;4;1;1;4;96;5;1;708;13248
5875426;tab02;0:04:56;9/17/2013;Approved;9/17/2013;9/17/2013;11;1;23;1;2;5;4;1;2;4;1;2;1;96;4;2;2091;13467
5875433;tab24;0:03:26;9/17/2013;Approved;9/17/2013;9/17/2013;11;1;82;2;1;5;,5;1;2;1;2;1;2;96;1;1;2263;13334
5875437;tab31;0:04:46;9/17/2013;Approved;9/17/2013;9/17/2013;11;1;23;1;4;99;99;99;99;4;99;99;2;2;2;3;53;13518
5875443;tab35;0:05:56;9/17/2013;Approved;9/17/2013;9/17/2013;11;1;20;2;2;3;6;1;1;2;2;1;1;2;6;1;802;5621
5875466;tab15;0:04:29;9/17/2013;Approved;9/17/2013;9/17/2013;11;1;71;2;3;4;5;1;1;2;1;99;12;96;1;1;3283;13369
5875469;tab14;0:05:12;9/17/2013;Approved;9/17/2013;9/17/2013;11;1;29;1;2;5;4;1;2;4;2;2;7;2;2;1;183;6248
5875476;tab32;0:03:51;9/17/2013;Approved;9/17/2013;9/17/2013;11;1;40;2;1;2;8;1;2;1;2;1;1;96;8;6;825;10348
5875484;tab09;0:04:54;9/17/2013;Approved;9/17/2013;9/17/2013;11;1;37;1;1;4;3;1;2;1;2;1;1;96;5;2;3844;12583
5875498;tab37;0:03:26;9/17/2013;Approved;9/17/2013;9/17/2013;11;1;33;2;2;2;7;1;2;3;2;2;3;2;8;4;3547;11628
5875500;tab05;0:03:32;9/17/2013;Approved;9/17/2013;9/17/2013;11;1;25;2;2;3;5;1;1;4;1;1;1;96;5;1;3142;13633
5875515;tab12;0:05:46;9/17/2013;Approved;9/17/2013;9/17/2013;11;1;28;2;2;3;9;1;2;4;1;2;11;96;3;1;2496;4352
5875517;tab16;0:04:09;9/17/2013;Approved;9/17/2013;9/17/2013;11;1;18;1;3;3;,5;1;99;4;99;99;1;2;3;2;2143;898
5875552;tab25;0:03:45;9/17/2013;Approved;9/17/2013;9/17/2013;11;1;52;2;1;2;10;2;2;4;2;2;7;2;2;4;688;3261
5875575;tab27;0:10:17;9/17/2013;Approved;9/17/2013;9/17/2013;11;1;20;2;2;3;5;1;2;2;2;1;1;96;5;5;1882;11645
5875580;tab29;0:04:12;9/17/2013;Approved;9/17/2013;9/17/2013;11;1;67;1;1;1;8;1;2;1;2;1;12;96;5;3;380;11150
5875593;tab39;0:04:37;9/17/2013;Approved;9/17/2013;9/17/2013;11;1;40;1;3;99;99;1;2;3;2;99;1;96;1;1;2822;13204
5875594;tab03;0:08:00;9/17/2013;Approved;9/17/2013;9/17/2013;11;1;68;2;1;5;2;1;2;1;2;2;11;96;3;1;1748;10231
5875624;tab07;0:05:07;9/17/2013;Approved;9/17/2013;9/17/2013;11;1;84;1;3;3;8;99;1;2;1;99;12;96;1;2;3373;13239
5875636;tab15;0:04:00;9/17/2013;Approved;9/17/2013;9/17/2013;11;1;51;1;1;3;5;1;2;1;2;1;1;96;2;1;3283;13369
5875638;tab14;0:04:03;9/17/2013;Approved;9/17/2013;9/17/2013;11;1;35;1;1;5;,5;1;2;4;2;2;1;96;5;2;183;6248
5875643;tab02;0:05:27;9/17/2013;Approved;9/17/2013;9/17/2013;11;1;35;2;1;2;7;1;2;2;2;99;1;4;4;3;2091;13467
5875649;tab31;0:04:39;9/17/2013;Approved;9/17/2013;9/17/2013;11;1;37;1;2;2;8;1;2;2;2;2;1;96;6;1;53;13518
5875651;tab36;0:05:17;9/17/2013;Approved;9/17/2013;9/17/2013;11;1;62;2;2;4;3;1;2;2;2;2;2;95;2;1;708;13248
5875656;tab40;0:02:53;9/17/2013;Approved;9/17/2013;9/17/2013;11;1;43;2;2;3;5;1;2;4;2;1;5;96;5;2;1970;13663
5875658;tab22;0:14:37;9/17/2013;Approved;9/17/2013;9/17/2013;11;1;25;1;4;5;10;1;1;4;1;1;7;96;1;2;466;13179
5875690;tab24;0:03:08;9/17/2013;Approved;9/17/2013;9/17/2013;11;1;44;2;1;2;3;1;2;2;1;1;1;96;5;3;2263;13334
5875693;tab09;0:05:41;9/17/2013;Approved;9/17/2013;9/17/2013;11;1;21;1;2;5;,5;1;2;4;2;2;1;96;5;3;3844;12583
5875694;tab35;0:08:50;9/17/2013;Approved;9/17/2013;9/17/2013;11;1;43;1;3;99;,5;99;2;4;99;99;1;9;3;3;802;5621
5875729;tab37;0:03:16;9/17/2013;Approved;9/17/2013;9/17/2013;11;1;29;2;4;5;,5;1;2;4;2;2;16;2;3;1;3547;11628
5875769;tab05;0:04:07;9/17/2013;Approved;9/17/2013;9/17/2013;11;1;67;1;2;5;,5;1;2;2;2;1;12;4;7;5;3142;13633
5875777;tab21;0:12:07;9/17/2013;Approved;9/17/2013;9/17/2013;11;1;18;1;3;2;7;1;1;4;1;1;1;2;4;3;3639;11759
5875810;tab16;0:04:50;9/17/2013;Approved;9/17/2013;9/17/2013;11;1;73;1;4;99;99;1;2;4;2;2;12;96;3;4;2143;898
5875819;tab13;0:04:11;9/17/2013;Approved;9/17/2013;9/17/2013;11;1;68;2;2;5;,5;1;2;4;1;1;12;96;1;2;1222;13222
5875843;tab38;0:21:26;9/17/2013;Approved;9/17/2013;9/17/2013;11;1;55;1;2;3;8;1;2;4;2;1;7;96;2;3;2663;13211
5875865;tab08;0:20:52;9/17/2013;Approved;9/17/2013;9/17/2013;11;1;65;1;4;5;,5;2;1;4;1;2;12;96;5;6;3603;12008
5875893;tab15;0:04:08;9/17/2013;Approved;9/17/2013;9/17/2013;11;1;17;1;4;3;8;1;1;4;2;2;13;2;2;4;3283;13369
5875929;tab37;0:03:01;9/17/2013;Approved;9/17/2013;9/17/2013;11;1;58;2;2;3;4;1;2;2;2;1;12;96;5;2;3547;11628
5875931;tab39;0:04:05;9/17/2013;Approved;9/17/2013;9/17/2013;11;1;29;2;2;4;,5;1;2;4;1;2;1;96;5;3;2822;13204
5875933;tab19;0:08:52;9/17/2013;Approved;9/17/2013;9/17/2013;11;1;70;2;2;5;5;1;2;2;99;1;14;96;2;1;2508;11585
5875934;tab01;0:05:10;9/17/2013;Approved;9/17/2013;9/17/2013;11;1;26;1;4;3;5;1;1;4;1;2;1;95;4;1;40;12729
5875935;tab26;0:18:54;9/17/2013;Approved;9/17/2013;9/17/2013;11;1;59;1;1;3;6;1;2;1;2;2;6;2;2;97;1188;13114
5875936;tab04;0:06:01;9/17/2013;Approved;9/17/2013;9/17/2013;11;1;19;2;2;5;4;1;2;2;1;99;4;96;5;1;3401;13266
5875938;tab11;0:06:17;9/17/2013;Approved;9/17/2013;9/17/2013;11;1;53;1;2;4;3;1;2;4;2;2;4;2;6;3;1506;13221
5875951;tab36;0:05:18;9/17/2013;Approved;9/17/2013;9/17/2013;11;1;50;1;1;4;2;1;2;4;2;1;7;5;3;3;708;13248
5875954;tab31;0:04:54;9/17/2013;Approved;9/17/2013;9/17/2013;11;1;42;2;3;5;,5;1;2;2;2;1;1;96;2;1;53;13518
5875974;tab40;1:59:24;9/17/2013;Approved;9/17/2013;9/17/2013;11;1;26;2;1;4;6;1;1;2;2;2;1;96;6;1;1970;13663
5875986;tab29;0:10:59;9/17/2013;Approved;9/17/2013;9/17/2013;11;1;23;1;1;3;8;1;2;1;2;99;2;96;6;3;380;11150
5876025;tab02;0:07:34;9/17/2013;Approved;9/17/2013;9/17/2013;11;1;57;2;1;2;5;1;2;1;2;1;1;96;5;99;2091;13467
5876035;tab21;0:04:57;9/17/2013;Approved;9/17/2013;9/17/2013;11;1;62;1;1;5;,5;1;2;2;2;2;12;96;5;4;3639;11759
5876056;tab16;0:04:02;9/17/2013;Approved;9/17/2013;9/17/2013;11;1;30;1;1;5;,5;1;2;4;2;2;1;8;3;3;2143;898
5876062;tab05;0:03:31;9/17/2013;Approved;9/17/2013;9/17/2013;11;1;16;2;2;2;7;1;2;2;2;2;8;96;4;2;3142;13633
5876079;tab12;0:15:47;9/17/2013;Approved;9/17/2013;9/17/2013;11;1;25;1;4;99;99;1;2;4;2;99;1;96;4;1;2496;4352
5876086;tab37;0:03:49;9/17/2013;Approved;9/17/2013;9/17/2013;11;1;63;1;2;2;5;1;2;2;2;99;7;14;7;3;3547;11628
5876089;tab18;0:03:47;9/17/2013;Approved;9/17/2013;9/17/2013;11;1;48;2;3;3;8;2;1;3;1;2;1;2;2;1;292;13047
5876091;tab15;0:04:07;9/17/2013;Approved;9/17/2013;9/17/2013;11;1;49;2;2;4;3;1;2;4;2;1;1;96;5;1;3283;13369
5876095;tab33;0:04:17;9/17/2013;Approved;9/17/2013;9/17/2013;11;1;31;2;2;5;2;1;2;4;2;2;7;96;5;5;2000;13178
5876109;tab36;0:04:46;9/17/2013;Approved;9/17/2013;9/17/2013;11;1;19;1;4;2;10;2;2;4;1;1;1;96;4;2;708;13248
5876121;tab03;0:14:23;9/17/2013;Approved;9/17/2013;9/17/2013;11;1;70;2;4;99;99;1;1;4;1;1;12;96;1;2;1748;10231
5876123;tab07;0:03:56;9/17/2013;Approved;9/17/2013;9/17/2013;11;1;71;2;2;2;5;1;2;4;1;1;12;2;1;1;3373;13239
5876130;tab06;0:04:31;9/17/2013;Approved;9/17/2013;9/17/2013;11;1;44;1;3;2;2;1;2;4;1;2;1;96;2;97;3081;13260
5876132;tab38;0:06:16;9/17/2013;Approved;9/17/2013;9/17/2013;11;1;33;1;2;5;,5;1;2;1;2;1;7;2;3;3;2663;13211
5876135;tab01;0:03:49;9/17/2013;Approved;9/17/2013;9/17/2013;11;1;25;2;2;3;4;1;2;4;2;99;1;96;5;3;40;12729
5876151;tab29;0:03:59;9/17/2013;Approved;9/17/2013;9/17/2013;11;1;16;1;1;5;2;1;2;1;2;2;7;96;4;3;380;11150
5876152;tab09;0:04:39;9/17/2013;Approved;9/17/2013;9/17/2013;11;1;48;2;3;4;2;1;2;4;1;1;1;96;5;2;3844;12583
5876193;tab32;0:03:19;9/17/2013;Approved;9/17/2013;9/17/2013;11;1;26;2;1;3;7;1;2;2;2;2;1;4;8;5;825;10348
5876208;tab35;0:13:16;9/17/2013;Approved;9/17/2013;9/17/2013;11;1;31;2;2;2;7;1;2;4;2;2;1;14;7;6;802;5621
5876218;tab08;0:10:02;9/17/2013;Approved;9/17/2013;9/17/2013;11;1;44;2;2;3;6;1;1;2;1;1;3;96;5;3;3603;12008
5876222;tab13;0:04:38;9/17/2013;Approved;9/17/2013;9/17/2013;11;1;18;2;2;3;7;1;1;2;1;1;10;2;4;1;1222;13222
5876224;tab22;0:07:16;9/17/2013;Approved;9/17/2013;9/17/2013;11;1;38;2;2;5;,5;1;2;1;1;1;10;2;5;2;466;13179
5876282;tab16;0:03:59;9/17/2013;Approved;9/17/2013;9/17/2013;11;1;27;2;2;4;5;1;2;4;2;1;1;2;6;4;2143;898
5876285;tab20;0:25:14;9/17/2013;Approved;9/17/2013;9/17/2013;11;1;21;1;1;5;,5;1;2;1;2;1;4;2;5;5;1809;12585
5876289;tab10;0:03:45;9/17/2013;Approved;9/17/2013;9/17/2013;11;1;49;2;2;5;2;1;2;2;1;2;1;96;3;3;3271;11248
5876290;tab14;0:04:03;9/17/2013;Approved;9/17/2013;9/17/2013;11;1;35;2;3;4;5;1;1;2;1;1;2;96;5;2;183;6248
5876320;tab24;0:04:00;9/17/2013;Approved;9/17/2013;9/17/2013;11;1;27;1;2;3;4;1;2;2;2;2;1;96;5;1;2263;13334
5876341;tab11;0:03:38;9/17/2013;Approved;9/17/2013;9/17/2013;11;1;30;2;2;4;2;1;2;4;2;1;1;96;5;1;1506;13221
5876370;tab29;0:03:34;9/17/2013;Approved;9/17/2013;9/17/2013;11;1;35;2;1;4;5;1;2;2;2;2;1;96;2;3;380;11150
5876433;tab18;0:03:48;9/17/2013;Approved;9/17/2013;9/17/2013;11;1;19;1;4;99;5;99;1;4;2;2;1;96;5;1;292;13047
5876445;tab40;0:05:58;9/17/2013;Approved;9/17/2013;9/17/2013;11;1;24;1;3;3;6;2;1;2;1;2;1;96;5;2;1970;13663
5876458;tab31;0:05:55;9/17/2013;Approved;9/17/2013;9/17/2013;11;1;60;2;3;1;6;1;1;3;1;1;11;2;2;2;53;13518
5876470;tab33;0:03:11;9/17/2013;Approved;9/17/2013;9/17/2013;11;1;16;2;2;3;6;1;2;4;2;2;7;96;4;97;2000;13178
5876508;tab07;0:06:47;9/17/2013;Approved;9/17/2013;9/17/2013;11;1;56;2;3;5;,5;1;2;2;1;2;1;2;3;2;3373;13239
5876512;tab06;0:03:57;9/17/2013;Approved;9/17/2013;9/17/2013;11;1;56;1;2;3;7;1;2;2;2;1;16;96;3;3;3081;13260
5876541;tab02;0:09:22;9/17/2013;Approved;9/17/2013;9/17/2013;11;1;65;2;2;2;9;1;2;4;1;2;7;2;2;1;2091;13467
5876548;tab23;0:25:59;9/17/2013;Approved;9/17/2013;9/17/2013;11;1;45;1;1;3;5;1;2;1;2;1;1;96;7;4;3160;2226
5876553;tab08;0:06:28;9/17/2013;Approved;9/17/2013;9/17/2013;11;1;17;1;2;99;10;1;2;4;2;2;7;96;3;1;3603;12008
5876560;tab32;0:04:33;9/17/2013;Approved;9/17/2013;9/17/2013;11;1;65;1;1;5;,5;1;2;1;2;1;7;96;5;2;825;10348
5876586;tab20;0:05:43;9/17/2013;Approved;9/17/2013;9/17/2013;11;1;45;1;1;2;7;1;2;1;2;1;4;96;2;4;1809;12585
5876599;tab19;0:04:44;9/17/2013;Approved;9/17/2013;9/17/2013;11;1;39;2;2;3;6;1;1;4;1;2;7;2;2;1;2508;11585
5876602;tab10;0:04:21;9/17/2013;Approved;9/17/2013;9/17/2013;11;1;70;1;1;5;5;1;2;1;1;99;4;96;5;3;3271;11248
5876608;tab13;0:04:50;9/17/2013;Approved;9/17/2013;9/17/2013;11;1;22;1;2;3;7;1;2;4;2;2;2;96;3;2;1222;13222
5876610;tab21;0:09:52;9/17/2013;Approved;9/17/2013;9/17/2013;11;1;65;2;2;3;,5;1;2;4;1;1;7;96;2;1;3639;11759
5876628;tab39;0:04:36;9/17/2013;Approved;9/17/2013;9/17/2013;11;1;67;1;2;2;8;1;1;1;1;99;1;4;1;4;2822;13204
5876642;tab35;0:09:36;9/17/2013;Approved;9/17/2013;9/17/2013;11;1;45;1;4;5;7;1;2;4;2;1;7;2;1;1;802;5621
5876645;tab15;0:04:05;9/17/2013;Approved;9/17/2013;9/17/2013;11;1;53;2;4;99;99;2;2;4;2;1;2;96;1;3;3283;13369
5876647;tab05;0:03:16;9/17/2013;Approved;9/17/2013;9/17/2013;11;1;34;1;3;3;7;1;2;2;2;1;1;4;5;3;3142;13633
5876651;tab29;0:04:06;9/17/2013;Approved;9/17/2013;9/17/2013;11;1;23;2;2;3;7;1;2;3;2;2;1;2;5;3;380;11150
5876662;tab33;0:03:09;9/17/2013;Approved;9/17/2013;9/17/2013;11;1;25;2;2;5;4;1;1;4;1;1;10;96;5;97;2000;13178
5876664;tab16;0:06:53;9/17/2013;Approved;9/17/2013;9/17/2013;11;1;30;1;2;1;8;1;2;4;2;1;1;96;5;1;2143;898
5876682;tab23;0:03:56;9/17/2013;Approved;9/17/2013;9/17/2013;11;1;29;2;4;3;5;1;1;4;1;2;1;95;2;1;3160;2226
5876697;tab09;0:06:34;9/17/2013;Approved;9/17/2013;9/17/2013;11;1;39;2;3;1;9;1;2;4;1;2;7;2;2;1;3844;12583
5876704;tab06;0:04:21;9/17/2013;Approved;9/17/2013;9/17/2013;11;1;45;2;1;5;,5;1;2;1;1;99;1;2;1;1;3081;13260
5876723;tab01;0:04:17;9/17/2013;Approved;9/17/2013;9/17/2013;11;1;49;1;2;5;,5;1;2;1;2;1;1;2;4;4;40;12729
5876728;tab22;0:09:21;9/17/2013;Approved;9/17/2013;9/17/2013;11;1;63;1;1;3;7;1;2;1;1;1;1;96;5;2;466;13179
5876748;tab26;0:11:57;9/17/2013;Approved;9/17/2013;9/17/2013;11;1;18;1;1;3;5;1;2;4;2;1;1;96;5;2;1188;13114
5876777;tab37;0:04:46;9/17/2013;Approved;9/17/2013;9/17/2013;11;1;69;2;2;5;,5;1;2;1;2;1;11;96;1;1;3547;11628
5876782;tab04;0:04:37;9/17/2013;Approved;9/17/2013;9/17/2013;11;1;30;1;2;3;7;1;2;2;2;2;1;4;7;4;3401;13266
5876783;tab03;0:14:28;9/17/2013;Approved;9/17/2013;9/17/2013;11;1;47;1;2;4;4;1;2;1;2;1;10;96;7;3;1748;10231
5876799;tab19;0:04:40;9/17/2013;Approved;9/17/2013;9/17/2013;11;1;48;2;2;2;8;1;2;2;1;1;7;96;3;2;2508;11585
5876807;tab10;0:04:21;9/17/2013;Approved;9/17/2013;9/17/2013;11;1;49;1;2;5;5;1;2;1;1;2;7;2;2;2;3271;11248
5876823;tab39;0:05:09;9/17/2013;Approved;9/17/2013;9/17/2013;11;1;20;1;2;5;,5;1;2;4;1;99;10;96;4;1;2822;13204
5876843;tab40;0:05:10;9/17/2013;Approved;9/17/2013;9/17/2013;11;1;36;1;2;4;4;2;1;2;99;2;1;2;6;3;1970;13663
5876862;tab27;0:32:45;9/17/2013;Approved;9/17/2013;9/17/2013;11;1;40;2;2;5;,5;1;2;4;1;2;1;96;5;2;1882;11645
5876867;tab29;0:04:03;9/17/2013;Approved;9/17/2013;9/17/2013;11;1;36;2;2;3;2;1;2;4;1;2;7;96;2;4;380;11150
5876871;tab21;0:07:08;9/17/2013;Approved;9/17/2013;9/17/2013;11;1;73;2;4;5;,5;1;2;2;2;1;12;96;2;1;3639;11759
5876873;tab08;0:09:36;9/17/2013;Approved;9/17/2013;9/17/2013;11;1;59;2;2;3;7;1;1;4;1;1;12;98;7;4;3603;12008
5876895;tab16;0:04:10;9/17/2013;Approved;9/17/2013;9/17/2013;11;1;22;1;2;4;4;1;2;4;2;2;2;96;6;3;2143;898
5876897;tab38;0:04:34;9/17/2013;Approved;9/17/2013;9/17/2013;11;1;52;2;4;3;7;1;2;4;1;1;11;96;2;1;2663;13211
5876898;tab38;0:03:43;9/17/2013;Approved;9/17/2013;9/17/2013;11;1;36;1;3;5;7;1;2;4;2;1;1;96;2;1;2663;13211
5876899;tab38;0:04:22;9/17/2013;Approved;9/17/2013;9/17/2013;11;1;43;1;2;4;6;1;2;4;2;2;7;96;1;1;2663;13211
5876900;tab05;0:05:21;9/17/2013;Approved;9/17/2013;9/17/2013;11;1;59;2;2;3;5;1;2;4;2;99;10;96;3;2;3142;13633
5876930;tab06;0:03:25;9/17/2013;Approved;9/17/2013;9/17/2013;11;1;75;1;3;99;99;99;99;4;99;99;7;96;1;99;3081;13260
5876932;tab12;0:06:08;9/17/2013;Approved;9/17/2013;9/17/2013;11;1;30;1;4;1;10;1;2;4;2;1;1;2;1;2;2496;4352
5876946;tab32;0:04:10;9/17/2013;Approved;9/17/2013;9/17/2013;11;1;57;1;3;4;,5;1;2;4;2;1;6;96;3;4;825;10348
5876948;tab31;0:08:21;9/17/2013;Approved;9/17/2013;9/17/2013;11;1;71;1;2;4;,5;1;2;2;2;99;6;96;3;3;53;13518
5876949;tab23;0:06:51;9/17/2013;Approved;9/17/2013;9/17/2013;11;1;62;2;2;3;5;1;1;2;2;1;11;96;2;1;3160;2226
5876957;tab36;0:04:43;9/17/2013;Approved;9/17/2013;9/17/2013;11;1;36;2;4;1;9;1;2;4;1;1;2;96;2;1;708;13248
5876958;tab36;0:04:00;9/17/2013;Approved;9/17/2013;9/17/2013;11;1;19;2;2;5;,5;1;2;2;2;1;1;96;5;2;708;13248
5876959;tab36;0:04:42;9/17/2013;Approved;9/17/2013;9/17/2013;11;1;27;2;2;99;5;1;1;4;99;99;1;96;4;2;708;13248
5876975;tab33;0:05:35;9/17/2013;Approved;9/17/2013;9/17/2013;11;1;50;2;1;3;6;1;2;2;1;1;11;96;5;5;2000;13178
5876988;tab18;0:02:47;9/17/2013;Approved;9/17/2013;9/17/2013;11;1;23;2;4;99;10;1;2;4;2;2;11;96;5;2;292;13047
5876994;tab37;0:03:32;9/17/2013;Approved;9/17/2013;9/17/2013;11;1;18;1;3;5;5;1;2;4;2;1;1;96;5;99;3547;11628
5877004;tab35;0:10:03;9/17/2013;Approved;9/17/2013;9/17/2013;11;1;62;1;1;2;7;1;1;1;1;2;12;1;5;4;802;5621
5877009;tab39;0:03:51;9/17/2013;Approved;9/17/2013;9/17/2013;11;1;20;1;2;3;6;1;2;4;2;1;8;2;6;5;2822;13204
5877034;tab26;0:06:33;9/17/2013;Approved;9/17/2013;9/17/2013;11;1;35;2;1;3;5;1;2;1;1;1;1;96;5;1;1188;13114
5877037;tab01;0:03:26;9/17/2013;Approved;9/17/2013;9/17/2013;11;1;51;2;3;99;10;99;99;4;1;99;11;96;3;1;40;12729
5877045;tab22;0:06:26;9/17/2013;Approved;9/17/2013;9/17/2013;11;1;49;1;3;4;4;1;2;3;1;1;1;96;4;2;466;13179
5877049;tab13;0:04:50;9/17/2013;Approved;9/17/2013;9/17/2013;11;1;47;2;1;3;7;1;2;1;2;2;1;95;1;2;1222;13222
5877056;tab10;0:05:22;9/17/2013;Approved;9/17/2013;9/17/2013;11;1;61;2;2;3;10;1;2;2;2;2;11;96;7;4;3271;11248
5877073;tab07;0:03:07;9/17/2013;Approved;9/17/2013;9/17/2013;11;1;46;1;4;5;9;1;2;4;1;99;16;96;2;1;3373;13239
5877074;tab09;0:05:18;9/17/2013;Approved;9/17/2013;9/17/2013;11;1;30;1;3;5;,5;1;2;4;1;1;2;98;6;3;3844;12583
5877084;tab27;0:04:38;9/17/2013;Approved;9/17/2013;9/17/2013;11;1;30;1;2;5;2;1;2;2;2;2;1;10;5;3;1882;11645
5877089;tab23;0:03:26;9/17/2013;Approved;9/17/2013;9/17/2013;11;1;50;2;2;5;4;1;2;1;2;2;2;96;7;2;3160;2226
5877093;tab19;0:04:28;9/17/2013;Approved;9/17/2013;9/17/2013;11;1;17;1;4;3;7;1;2;2;1;2;7;2;4;4;2508;11585
5877161;tab24;0:05:25;9/17/2013;Approved;9/17/2013;9/17/2013;11;1;24;1;2;3;5;1;2;2;2;2;1;2;4;2;2263;13334
5877168;tab20;0:16:22;9/17/2013;Approved;9/17/2013;9/17/2013;11;1;70;2;1;1;10;1;2;2;1;2;12;96;2;97;1809;12585
5877192;tab33;0:03:47;9/17/2013;Approved;9/17/2013;9/17/2013;11;1;41;2;3;2;9;1;2;4;1;1;2;96;5;4;2000;13178
5877214;tab07;0:03:22;9/17/2013;Approved;9/17/2013;9/17/2013;11;1;50;1;4;5;8;1;2;4;2;2;7;96;5;2;3373;13239
5877215;tab06;0:03:49;9/17/2013;Approved;9/17/2013;9/17/2013;11;1;30;1;2;3;5;1;2;1;2;1;1;2;5;5;3081;13260
5877217;tab25;0:04:03;9/17/2013;Approved;9/17/2013;9/17/2013;11;1;50;1;1;2;8;1;2;1;2;2;6;4;6;3;620;3261
5877218;tab40;0:01:23;9/17/2013;Approved;9/17/2013;9/17/2013;11;1;64;1;3;3;7;1;2;3;1;2;1;2;2;3;1970;13663
5877221;tab21;0:07:07;9/17/2013;Approved;9/17/2013;9/17/2013;11;1;17;2;3;1;7;1;99;4;2;99;2;2;2;99;3639;11759
5877225;tab16;0:04:43;9/17/2013;Approved;9/17/2013;9/17/2013;11;1;39;1;4;3;7;99;1;4;1;2;7;95;1;1;2143;898
5877228;tab39;0:04:24;9/17/2013;Approved;9/17/2013;9/17/2013;11;1;38;2;2;5;4;1;2;4;1;2;7;96;5;2;2822;13204
5877236;tab40;2:28:15;9/17/2013;Approved;9/17/2013;9/17/2013;11;1;49;2;4;99;,5;2;2;3;2;1;1;96;5;4;1970;13663
5877246;tab31;0:06:15;9/17/2013;Approved;9/17/2013;9/17/2013;11;1;55;2;3;2;5;2;1;4;99;99;7;96;1;3;53;13518
5877254;tab04;0:03:44;9/17/2013;Approved;9/17/2013;9/17/2013;11;1;45;2;2;3;7;1;2;4;1;1;4;96;5;3;3401;13266
5877256;tab12;0:09:15;9/17/2013;Approved;9/17/2013;9/17/2013;11;1;49;2;2;2;5;1;2;4;1;1;7;96;2;1;2496;4352
5877273;tab13;0:04:43;9/17/2013;Approved;9/17/2013;9/17/2013;11;1;62;1;4;5;2;1;2;2;1;1;12;96;1;1;1222;13222
5877282;tab36;0:04:09;9/17/2013;Approved;9/17/2013;9/17/2013;11;1;19;2;2;3;5;1;2;4;1;2;2;96;3;1;708;13248
5877284;tab19;0:04:00;9/17/2013;Approved;9/17/2013;9/17/2013;11;1;30;2;4;4;,5;1;2;2;2;2;11;2;4;1;2508;11585
5877285;tab27;0:06:01;9/17/2013;Approved;9/17/2013;9/17/2013;11;1;37;2;2;3;7;1;2;4;2;1;2;96;5;1;1882;11645
5877286;tab37;0:03:43;9/17/2013;Approved;9/17/2013;9/17/2013;11;1;24;1;4;3;4;1;2;3;99;2;1;2;5;3;3547;11628
5877341;tab33;0:03:14;9/17/2013;Approved;9/17/2013;9/17/2013;11;1;66;1;4;3;10;1;2;4;1;1;12;95;1;99;2000;13178
5877349;tab22;0:07:35;9/17/2013;Approved;9/17/2013;9/17/2013;11;1;55;2;2;3;7;1;2;4;1;1;3;96;7;1;466;13179
5877350;tab18;0:03:07;9/17/2013;Approved;9/17/2013;9/17/2013;11;1;39;2;2;4;3;1;2;4;2;99;11;96;5;4;292;13047
5877387;tab06;0:04:18;9/17/2013;Approved;9/17/2013;9/17/2013;11;1;35;2;4;1;,5;1;2;2;2;99;1;95;4;1;3081;13260
5877399;tab14;0:04:08;9/17/2013;Approved;9/17/2013;9/17/2013;11;1;16;1;4;3;7;1;1;2;1;2;1;96;4;7;183;6248
5877400;tab09;0:06:15;9/17/2013;Approved;9/17/2013;9/17/2013;11;1;32;2;4;2;10;1;2;4;1;1;11;96;1;1;3844;12583
5877409;tab25;0:03:35;9/17/2013;Approved;9/17/2013;9/17/2013;11;1;52;2;2;5;,5;1;2;2;1;1;1;96;3;2;620;3261
5877411;tab03;0:11:10;9/17/2013;Approved;9/17/2013;9/17/2013;11;1;51;1;2;2;8;1;2;1;2;2;5;96;6;2;1748;10231
5877412;tab40;0:01:46;9/17/2013;Approved;9/17/2013;9/17/2013;11;1;19;1;3;4;2;1;2;3;1;99;5;96;5;2;1970;13663
5877418;tab12;0:05:18;9/17/2013;Approved;9/17/2013;9/17/2013;11;1;68;2;1;99;,5;1;2;1;99;99;12;96;1;1;2496;4352
5877422;tab40;2:33:55;9/17/2013;Approved;9/17/2013;9/17/2013;11;1;46;2;4;99;3;2;1;4;1;2;1;96;4;1;1970;13663
5877435;tab23;0:07:12;9/17/2013;Approved;9/17/2013;9/17/2013;11;1;54;2;2;5;,5;1;2;2;2;99;7;96;3;2;3160;2226
5877436;tab21;0:06:26;9/17/2013;Approved;9/17/2013;9/17/2013;11;1;28;1;4;2;9;2;1;4;1;1;16;96;1;1;3639;11759
5877437;tab05;0:03:25;9/17/2013;Approved;9/17/2013;9/17/2013;11;1;18;1;2;4;5;1;2;4;2;1;1;96;4;1;3142;13633
5877439;tab08;0:17:17;9/17/2013;Approved;9/17/2013;9/17/2013;11;1;27;2;2;3;4;1;2;2;2;2;1;96;5;2;3603;12008
5877448;tab20;0:08:40;9/17/2013;Approved;9/17/2013;9/17/2013;11;1;38;2;4;4;,5;1;2;4;1;1;16;96;2;1;1809;12585
5877473;tab19;15:57:47;9/17/2013;Approved;9/16/2013;9/17/2013;11;1;37;1;2;3;4;1;2;4;2;1;1;2;4;1;2508;11585
5877486;tab02;0:25:49;9/17/2013;Approved;9/17/2013;9/17/2013;11;1;24;2;2;3;5;1;2;4;1;1;1;96;6;3;2091;13467
5877487;tab01;0:04:05;9/17/2013;Approved;9/17/2013;9/17/2013;11;1;64;2;2;5;,5;1;2;4;1;99;4;96;2;2;40;12729
5877488;tab29;0:17:21;9/17/2013;Approved;9/17/2013;9/17/2013;11;1;49;2;2;1;10;1;2;1;2;99;4;4;7;4;380;11150
5877489;tab32;0:03:38;9/17/2013;Approved;9/17/2013;9/17/2013;11;1;23;1;3;3;5;1;2;2;1;2;1;4;7;4;825;10348
5877490;tab31;0:06:48;9/17/2013;Approved;9/17/2013;9/17/2013;11;1;58;1;2;3;3;1;2;1;2;1;16;2;1;99;53;13518
5877498;tab10;0:04:34;9/17/2013;Approved;9/17/2013;9/17/2013;11;1;25;1;1;1;10;1;2;1;2;1;3;2;7;4;3271;11248
5877507;tab18;0:03:30;9/17/2013;Approved;9/17/2013;9/17/2013;11;1;68;2;2;2;9;1;2;4;99;99;12;2;1;1;292;13047
5877536;tab27;0:07:48;9/17/2013;Approved;9/17/2013;9/17/2013;11;1;29;1;2;3;6;1;2;1;1;1;1;96;7;3;1882;11645
5877546;tab36;0:05:39;9/17/2013;Approved;9/17/2013;9/17/2013;11;1;27;1;4;3;,5;1;2;3;2;2;7;2;2;2;708;13248
5877548;tab40;0:05:12;9/17/2013;Approved;9/17/2013;9/17/2013;11;1;32;1;3;4;3;1;1;3;2;2;1;96;5;2;1970;13663
5877557;tab37;0:04:13;9/17/2013;Approved;9/17/2013;9/17/2013;11;1;51;1;1;5;,5;1;2;1;2;99;5;96;8;99;3547;11628
5877559;tab11;0:03:31;9/17/2013;Approved;9/17/2013;9/17/2013;11;1;25;2;2;5;2;1;2;4;2;2;2;96;5;1;1506;13221
5877579;tab35;0:16:49;9/17/2013;Approved;9/17/2013;9/17/2013;11;1;43;2;2;2;2;1;2;4;2;1;11;2;5;1;802;5621
5877589;tab07;0:03:25;9/17/2013;Approved;9/17/2013;9/17/2013;11;1;36;2;4;5;8;1;1;4;2;2;7;96;5;1;3373;13239
5877631;tab38;0:05:12;9/17/2013;Approved;9/17/2013;9/17/2013;11;1;59;2;2;3;8;1;2;2;2;99;11;2;1;1;2663;13211
5877632;tab38;0:04:06;9/17/2013;Approved;9/17/2013;9/17/2013;11;1;25;1;4;99;3;1;2;4;2;1;10;2;4;1;2663;13211
5877637;tab29;0:03:30;9/17/2013;Approved;9/17/2013;9/17/2013;11;1;26;2;4;5;,5;1;2;4;2;2;1;96;2;1;380;11150
5877647;tab15;0:05:39;9/17/2013;Approved;9/17/2013;9/17/2013;11;1;63;2;3;99;99;99;99;4;99;99;12;96;3;1;3283;13369
5877651;tab06;0:05:18;9/17/2013;Approved;9/17/2013;9/17/2013;11;1;24;2;1;1;10;1;2;4;2;99;1;1;6;6;3081;13260
5877663;tab20;0:05:29;9/17/2013;Approved;9/17/2013;9/17/2013;11;1;46;1;2;5;,5;1;2;2;2;1;1;96;1;2;1809;12585
5877670;tab16;0:10:14;9/17/2013;Approved;9/17/2013;9/17/2013;11;1;63;1;2;2;10;1;2;4;2;2;7;95;2;1;2143;898
5877684;tab22;0:10:23;9/17/2013;Approved;9/17/2013;9/17/2013;11;1;40;1;2;2;7;1;2;3;2;2;1;1;4;4;466;13179
5877699;tab39;0:05:12;9/17/2013;Approved;9/17/2013;9/17/2013;11;1;39;2;3;2;7;1;2;1;2;1;10;96;6;2;2822;13204
5877719;tab35;0:05:06;9/17/2013;Approved;9/17/2013;9/17/2013;11;1;18;1;4;3;2;1;2;4;2;99;13;2;3;2;802;5621
5877720;tab01;0:03:49;9/17/2013;Approved;9/17/2013;9/17/2013;11;1;68;2;2;1;10;1;2;4;1;2;7;96;2;2;40;12729
5877756;tab02;0:05:58;9/17/2013;Approved;9/17/2013;9/17/2013;11;1;40;1;2;3;7;1;2;1;2;1;1;96;2;3;2091;13467
5877757;tab33;0:02:14;9/17/2013;Approved;9/17/2013;9/17/2013;11;1;37;2;1;2;10;2;1;3;1;1;1;96;2;97;2000;13178
5877771;tab23;0:02:40;9/17/2013;Approved;9/17/2013;9/17/2013;11;1;28;1;1;5;,5;1;2;1;2;1;1;4;6;5;3160;2226
5877779;tab21;0:09:22;9/17/2013;Approved;9/17/2013;9/17/2013;11;1;30;2;2;2;7;1;2;2;2;1;7;96;8;4;3639;11759
5877802;Tab24;0:04:28;9/17/2013;Approved;9/17/2013;9/17/2013;11;1;55;2;2;5;1;1;2;2;2;2;4;15;5;4;2263;13334
5877803;tab10;0:06:36;9/17/2013;Approved;9/17/2013;9/17/2013;11;1;54;1;1;5;1;1;2;1;2;99;5;96;7;4;3271;11248
5877825;tab06;0:03:24;9/17/2013;Approved;9/17/2013;9/17/2013;11;1;27;2;2;5;,5;1;2;4;1;2;1;96;6;3;3081;13260
5877839;tab31;0:05:04;9/17/2013;Approved;9/17/2013;9/17/2013;11;1;30;2;2;5;7;1;1;3;1;1;10;96;3;1;53;13518
5877844;tab13;0:05:04;9/17/2013;Approved;9/17/2013;9/17/2013;11;1;47;1;2;5;,5;1;2;2;2;1;3;2;7;4;1222;13222
5877882;tab09;0:04:37;9/17/2013;Approved;9/17/2013;9/17/2013;11;1;20;2;2;5;5;1;2;4;2;2;1;2;5;1;3844;12583
5877884;tab15;0:04:44;9/17/2013;Approved;9/17/2013;9/17/2013;11;1;36;2;3;3;7;1;2;2;2;1;2;2;5;1;3283;13369
5877895;tab11;0:04:36;9/17/2013;Approved;9/17/2013;9/17/2013;11;1;51;2;3;5;,5;1;2;2;2;1;7;96;2;1;1506;13221
5877909;tab20;0:06:00;9/17/2013;Approved;9/17/2013;9/17/2013;11;1;63;1;3;5;,5;1;2;2;1;1;12;2;1;4;1809;12585
5877910;tab27;0:10:16;9/17/2013;Approved;9/17/2013;9/17/2013;11;1;66;1;2;5;8;1;2;4;1;2;1;96;3;2;1882;11645
5877918;tab16;0:05:22;9/17/2013;Approved;9/17/2013;9/17/2013;11;1;37;2;2;2;7;1;2;4;2;1;1;96;6;2;2143;898
5877922;tab29;0:04:54;9/17/2013;Approved;9/17/2013;9/17/2013;11;1;65;2;3;2;6;2;2;4;2;2;7;96;2;1;380;11150
5877941;tab36;0:05:46;9/17/2013;Approved;9/17/2013;9/17/2013;11;1;26;1;3;4;4;1;2;2;2;99;7;98;7;5;708;13248
5877987;tab37;0:05:16;9/17/2013;Approved;9/17/2013;9/17/2013;11;1;38;2;4;5;,5;1;2;3;1;99;2;96;4;1;3547;11628
5877993;tab12;0:16:42;9/17/2013;Approved;9/17/2013;9/17/2013;11;1;38;2;2;99;5;2;1;4;1;1;7;2;2;2;2496;4352
5878011;tab32;0:03:49;9/17/2013;Approved;9/17/2013;9/17/2013;11;1;39;1;2;4;5;1;2;1;2;1;6;96;5;3;825;10348
5878041;tab28;0:04:22;9/17/2013;Approved;9/17/2013;9/17/2013;11;1;49;1;2;5;,5;1;2;1;2;1;3;96;7;5;1941;11479
5878065;tab35;0:10:20;9/17/2013;Approved;9/17/2013;9/17/2013;11;1;47;2;4;99;1;99;2;4;2;2;7;2;2;99;802;5621
5878080;tab06;0:06:13;9/17/2013;Approved;9/17/2013;9/17/2013;11;1;38;2;2;4;1;1;1;4;1;99;7;1;4;3;3081;13260
5878162;tab40;2:47:20;9/17/2013;Approved;9/17/2013;9/17/2013;11;1;25;2;3;2;7;2;2;3;1;2;1;96;6;3;1970;13663
5878163;tab40;0:02:05;9/17/2013;Approved;9/17/2013;9/17/2013;11;1;26;1;1;1;3;1;2;1;1;2;3;96;6;3;1970;13663
5878201;tab18;0:02:41;9/17/2013;Approved;9/17/2013;9/17/2013;11;1;23;1;2;4;,5;1;2;2;2;99;1;96;5;3;292;13047
5878206;tab23;0:06:20;9/17/2013;Approved;9/17/2013;9/17/2013;11;1;34;1;3;5;,5;1;2;3;1;1;10;96;3;2;3160;2226
5878225;tab14;0:05:30;9/17/2013;Approved;9/17/2013;9/17/2013;11;1;37;1;2;1;9;1;1;3;1;2;7;96;7;4;183;6248
5878232;tab30;0:06:12;9/17/2013;Approved;9/17/2013;9/17/2013;11;1;45;2;2;3;8;1;1;2;1;1;11;96;1;2;2046;5385
5878245;tab09;0:06:41;9/17/2013;Approved;9/17/2013;9/17/2013;11;1;80;2;3;2;9;1;2;4;2;1;12;96;3;2;3844;12583
5878292;tab19;0:10:35;9/17/2013;Approved;9/17/2013;9/17/2013;11;1;55;2;4;99;5;1;2;4;2;99;7;96;1;1;2508;11585
5878302;tab33;0:11:07;9/17/2013;Approved;9/17/2013;9/17/2013;11;1;63;2;2;5;,5;1;2;4;2;2;12;96;1;2;2000;13178
5878304;tab18;0:04:13;9/17/2013;Approved;9/17/2013;9/17/2013;11;1;28;2;2;5;1;1;2;4;2;1;1;96;4;2;292;13047
5878316;tab02;0:07:53;9/17/2013;Approved;9/17/2013;9/17/2013;11;1;62;1;2;2;10;1;2;2;1;2;1;4;2;4;2091;13467
5878350;tab12;0:04:18;9/17/2013;Approved;9/17/2013;9/17/2013;11;1;18;2;4;99;99;1;99;4;99;99;10;96;3;1;2496;4352
5878362;tab07;0:04:46;9/17/2013;Approved;9/17/2013;9/17/2013;11;1;63;2;2;5;,5;1;2;4;2;1;12;96;2;2;3373;13239
5878377;tab06;0:04:16;9/17/2013;Approved;9/17/2013;9/17/2013;11;1;65;1;1;4;99;1;2;4;1;1;12;96;3;99;3081;13260
5878379;tab23;0:03:28;9/17/2013;Approved;9/17/2013;9/17/2013;11;1;65;1;1;5;3;1;2;1;2;99;2;96;3;3;3160;2226
5878387;tab22;0:17:11;9/17/2013;Approved;9/17/2013;9/17/2013;11;1;47;2;3;5;,5;1;1;4;1;1;7;1;1;1;466;13179
5878412;tab28;0:05:56;9/17/2013;Approved;9/17/2013;9/17/2013;11;1;49;1;2;3;3;1;2;2;2;1;7;96;6;2;1941;11479
5878415;tab04;0:04:22;9/17/2013;Approved;9/17/2013;9/17/2013;11;1;24;1;2;5;,5;1;2;2;2;1;1;96;6;4;3401;13266
5878418;tab15;0:04:24;9/17/2013;Approved;9/17/2013;9/17/2013;11;1;26;1;2;3;5;1;2;4;2;1;2;2;4;2;3283;13369
5878429;tab21;0:16:49;9/17/2013;Approved;9/17/2013;9/17/2013;11;1;19;2;2;1;10;1;2;4;2;1;1;2;5;3;3639;11759
5878433;tab08;0:27:35;9/17/2013;Approved;9/17/2013;9/17/2013;11;1;45;1;3;3;5;1;1;1;1;1;1;2;2;3;3603;12008
5878436;tab29;0:04:49;9/17/2013;Approved;9/17/2013;9/17/2013;11;1;33;2;2;2;6;1;2;2;2;2;1;2;5;1;380;11150
5878438;tab14;0:04:42;9/17/2013;Approved;9/17/2013;9/17/2013;11;1;49;1;2;3;4;1;2;2;2;2;1;96;7;4;183;6248
5878458;tab20;0:06:10;9/17/2013;Approved;9/17/2013;9/17/2013;11;1;37;1;3;3;4;1;2;4;2;1;10;96;2;1;1809;12585
5878489;tab01;0:02:14;9/17/2013;Approved;9/17/2013;9/17/2013;11;1;66;1;2;3;6;1;2;2;1;2;12;96;3;3;40;12729
5878553;tab05;0:03:23;9/17/2013;Approved;9/17/2013;9/17/2013;11;1;33;1;2;5;2;1;2;4;2;1;1;96;2;1;3142;13633
5878564;tab21;0:03:28;9/17/2013;Approved;9/17/2013;9/17/2013;11;1;31;2;3;4;4;1;2;4;2;99;1;96;7;4;3639;11759
5878567;tab16;0:06:12;9/17/2013;Approved;9/17/2013;9/17/2013;11;1;37;1;1;5;6;1;2;1;2;2;1;4;5;2;2143;898
5878604;tab22;0:04:47;9/17/2013;Approved;9/17/2013;9/17/2013;11;1;37;2;2;2;5;1;2;1;2;2;1;96;5;2;466;13179
5878616;tab12;0:06:38;9/17/2013;Approved;9/17/2013;9/17/2013;11;1;21;1;2;3;7;1;2;4;1;1;1;96;6;3;2496;4352
5878617;tab39;0:04:53;9/17/2013;Approved;9/17/2013;9/17/2013;11;1;68;2;2;5;,5;1;2;3;2;1;11;96;2;1;2822;13204
5878618;tab25;0:03:44;9/17/2013;Approved;9/17/2013;9/17/2013;11;1;17;1;2;5;5;1;2;4;2;1;2;96;4;4;620;3261
5878619;tab30;0:04:47;9/17/2013;Approved;9/17/2013;9/17/2013;11;1;42;1;2;2;7;1;2;4;2;1;10;96;3;1;2046;5385
5878621;Tab24;0:03:20;9/17/2013;Approved;9/17/2013;9/17/2013;11;1;23;1;2;5;3;1;2;4;1;2;10;96;5;1;2263;13334
5878625;tab08;0:05:53;9/17/2013;Approved;9/17/2013;9/17/2013;11;1;41;1;1;2;9;1;2;4;2;1;1;4;3;4;3603;12008
5878683;tab33;0:03:26;9/17/2013;Approved;9/17/2013;9/17/2013;11;1;36;1;1;99;8;1;2;1;2;1;6;96;7;4;2000;13178
5878738;tab09;0:08:02;9/17/2013;Approved;9/17/2013;9/17/2013;11;1;40;1;2;4;8;1;2;2;2;2;4;2;2;4;3844;12583
5878745;tab13;0:06:43;9/17/2013;Approved;9/17/2013;9/17/2013;11;1;29;1;2;3;5;1;2;4;2;99;7;96;5;1;1222;13222
5878760;tab20;0:05:54;9/17/2013;Approved;9/17/2013;9/17/2013;11;1;53;2;2;99;99;1;2;4;1;99;15;96;1;2;1809;12585
5878761;tab19;0:04:27;9/17/2013;Approved;9/17/2013;9/17/2013;11;1;28;1;1;2;9;1;2;1;2;2;6;9;7;3;2508;11585
5878773;tab18;0:03:01;9/17/2013;Approved;9/17/2013;9/17/2013;11;1;29;2;2;4;5;1;2;4;1;2;7;96;6;3;292;13047
5878798;tab35;0:18:57;9/17/2013;Approved;9/17/2013;9/17/2013;11;1;34;2;2;2;5;1;1;4;1;1;1;4;5;2;802;5621
5878799;tab23;0:01:55;9/17/2013;Approved;9/17/2013;9/17/2013;11;1;30;2;2;4;2;1;2;2;2;1;7;96;5;2;3160;2226
5878802;tab36;0:03:45;9/17/2013;Approved;9/17/2013;9/17/2013;11;1;21;1;4;2;8;1;2;4;99;1;13;2;3;3;708;13248
5878875;tab10;0:17:53;9/17/2013;Approved;9/17/2013;9/17/2013;11;1;42;2;2;5;5;1;2;2;1;1;10;96;2;2;3271;11248
5878885;tab06;0:03:26;9/17/2013;Approved;9/17/2013;9/17/2013;11;1;74;2;4;3;7;99;1;4;1;99;12;2;2;1;3081;13260
5878920;tab21;0:07:27;9/17/2013;Approved;9/17/2013;9/17/2013;11;1;27;1;1;3;7;1;2;1;2;2;1;96;5;2;3639;11759
5878925;tab15;0:03:43;9/17/2013;Approved;9/17/2013;9/17/2013;11;1;34;1;1;3;3;1;2;1;2;1;6;96;8;5;3283;13369
5878933;tab13;0:04:43;9/17/2013;Approved;9/17/2013;9/17/2013;11;1;59;2;2;3;7;1;1;4;1;99;2;96;3;1;1222;13222
5878935;tab26;0:04:12;9/17/2013;Approved;9/17/2013;9/17/2013;11;1;46;1;2;1;6;1;2;1;1;1;4;96;3;2;1188;13114
5878958;tab02;0:08:17;9/17/2013;Approved;9/17/2013;9/17/2013;11;1;68;2;2;3;4;1;1;2;99;99;11;96;5;3;2091;13467
5879012;tab36;0:03:40;9/17/2013;Approved;9/17/2013;9/17/2013;11;1;34;1;2;5;8;1;1;4;2;2;1;2;5;2;708;13248
5879020;tab12;0:10:46;9/17/2013;Approved;9/17/2013;9/17/2013;11;1;29;1;2;5;,5;99;99;4;99;99;1;2;5;1;2496;4352
5879021;tab20;0:05:33;9/17/2013;Approved;9/17/2013;9/17/2013;11;1;31;2;2;3;3;1;2;4;2;2;10;95;2;1;1809;12585
5879044;tab09;0:05:42;9/17/2013;Approved;9/17/2013;9/17/2013;11;1;69;1;1;5;,5;1;2;1;2;1;12;95;7;3;3844;12583
5879062;tab30;0:06:59;9/17/2013;Approved;9/17/2013;9/17/2013;11;1;55;2;1;5;,5;1;2;1;1;99;15;96;5;1;2046;5385
5879064;tab18;0:02:45;9/17/2013;Approved;9/17/2013;9/17/2013;11;1;29;2;2;2;6;1;2;4;2;99;7;96;5;4;292;13047
5879080;tab03;0:47:09;9/17/2013;Approved;9/17/2013;9/17/2013;11;1;23;2;2;4;99;1;2;2;99;1;1;96;5;4;2702;10231
5879081;tab33;0:02:57;9/17/2013;Approved;9/17/2013;9/17/2013;11;1;42;1;2;2;9;1;2;2;2;1;1;96;3;2;2000;13178
5879083;tab08;0:13:08;9/17/2013;Approved;9/17/2013;9/17/2013;11;1;80;2;2;4;5;1;2;4;1;1;12;96;2;4;3603;12008
5879097;tab19;0:04:46;9/17/2013;Approved;9/17/2013;9/17/2013;11;1;53;1;2;3;4;1;1;2;1;2;7;2;2;2;2508;11585
5879114;tab31;0:06:10;9/17/2013;Approved;9/17/2013;9/17/2013;11;1;42;1;2;3;3;1;1;2;1;1;6;96;6;2;53;13518
5879128;tab06;0:01:39;9/17/2013;Approved;9/17/2013;9/17/2013;11;1;34;2;1;4;5;1;2;4;1;1;11;2;2;1;3081;13260
5879129;tab16;0:03:39;9/17/2013;Approved;9/17/2013;9/17/2013;11;1;61;2;3;5;2;1;2;4;1;2;7;96;2;1;2143;898
5879143;tab22;0:06:16;9/17/2013;Approved;9/17/2013;9/17/2013;11;1;19;2;2;3;6;1;1;2;2;2;13;95;6;2;466;13179
5879155;tab25;0:04:22;9/17/2013;Approved;9/17/2013;9/17/2013;11;1;43;1;3;5;6;1;2;3;1;1;7;2;2;5;620;3261
5879157;tab35;0:12:05;9/17/2013;Approved;9/17/2013;9/17/2013;11;1;16;2;3;5;5;1;1;4;1;1;2;2;4;3;802;5621
5879232;tab10;0:04:47;9/17/2013;Approved;9/17/2013;9/17/2013;11;1;30;2;3;5;5;1;2;3;1;2;1;2;5;1;3271;11248
5879246;tab37;0:03:20;9/17/2013;Approved;9/17/2013;9/17/2013;11;1;49;1;4;2;7;1;2;3;2;2;1;95;2;1;3547;11628
5879254;tab30;0:05:02;9/17/2013;Approved;9/17/2013;9/17/2013;11;1;77;2;1;5;,5;1;2;1;2;2;11;2;5;1;2046;5385
5879323;tab20;0:08:59;9/17/2013;Approved;9/17/2013;9/17/2013;11;1;31;1;4;4;1;1;2;4;2;99;7;4;3;3;1809;12585
5879327;tab29;0:04:52;9/17/2013;Approved;9/17/2013;9/17/2013;11;1;55;1;1;2;5;1;2;1;1;1;16;96;4;1;380;11150
5879375;tab35;0:06:10;9/17/2013;Approved;9/17/2013;9/17/2013;11;1;27;1;1;3;8;1;2;2;99;1;2;14;5;1;802;5621
5879417;tab23;0:13:09;9/17/2013;Approved;9/17/2013;9/17/2013;11;1;42;2;3;5;2;1;2;4;1;2;2;96;6;1;3160;2226
5879418;tab08;0:10:22;9/17/2013;Approved;9/17/2013;9/17/2013;11;1;26;2;2;5;5;1;1;2;1;1;1;2;5;4;3603;12008
5879450;tab26;0:04:13;9/17/2013;Approved;9/17/2013;9/17/2013;11;1;53;1;1;2;8;1;2;2;2;2;4;96;1;3;1188;13114
5879458;tab28;0:24:22;9/17/2013;Approved;9/17/2013;9/17/2013;11;1;35;1;2;2;7;1;1;4;1;1;1;96;7;4;1941;11479
5879482;tab29;0:03:55;9/17/2013;Approved;9/17/2013;9/17/2013;11;1;32;2;3;1;9;1;2;4;1;1;2;96;2;2;380;11150
5879487;tab10;0:05:15;9/17/2013;Approved;9/17/2013;9/17/2013;11;1;32;1;1;3;3;1;2;2;2;1;4;96;3;4;3271;11248
5879500;tab30;0:05:11;9/17/2013;Approved;9/17/2013;9/17/2013;11;1;60;1;1;4;5;1;2;1;2;1;12;8;2;3;2046;5385
5879508;tab25;0:04:19;9/17/2013;Approved;9/17/2013;9/17/2013;11;1;28;1;1;2;10;1;1;4;1;2;7;2;1;2;620;3261
5879515;tab37;0:03:17;9/17/2013;Approved;9/17/2013;9/17/2013;11;1;26;1;4;2;8;1;2;2;1;1;1;2;5;1;3547;11628
5879524;Tab24;0:04:28;9/17/2013;Approved;9/17/2013;9/17/2013;11;1;73;2;2;3;10;2;1;4;99;1;7;96;2;1;2263;13334
5879545;tab19;0:03:36;9/17/2013;Approved;9/17/2013;9/17/2013;11;1;49;1;2;99;5;1;2;4;2;2;1;2;2;2;2508;11585
5879553;tab13;0:04:46;9/17/2013;Approved;9/17/2013;9/17/2013;11;1;30;2;3;3;5;1;2;4;99;2;10;98;5;2;1222;13222
5879561;tab38;0:04:29;9/17/2013;Approved;9/17/2013;9/17/2013;11;1;60;2;2;5;,5;1;2;4;99;99;11;96;1;1;2663;13211
5879562;tab38;0:03:35;9/17/2013;Approved;9/17/2013;9/17/2013;11;1;54;1;4;5;,5;1;2;4;1;2;1;96;2;1;2663;13211
5879563;tab38;0:03:35;9/17/2013;Approved;9/17/2013;9/17/2013;11;1;27;2;2;3;6;1;99;4;1;1;1;96;5;4;2663;13211
5879564;tab38;0:04:18;9/17/2013;Approved;9/17/2013;9/17/2013;11;1;61;2;3;4;5;1;2;4;1;1;12;96;1;1;2663;13211
5879568;tab16;0:04:29;9/17/2013;Approved;9/17/2013;9/17/2013;11;1;23;2;4;3;6;1;2;4;1;1;7;2;4;99;2143;898
5879575;tab02;0:09:32;9/17/2013;Approved;9/17/2013;9/17/2013;11;1;22;2;2;5;,5;1;2;4;2;1;2;2;5;2;2091;13467
5879592;tab14;0:04:20;9/17/2013;Approved;9/17/2013;9/17/2013;11;1;19;1;2;3;5;2;1;1;1;1;10;2;6;1;183;6248
5879609;tab23;0:06:13;9/17/2013;Approved;9/17/2013;9/17/2013;11;1;19;1;2;5;,5;1;2;4;1;2;6;14;5;2;3160;2226
5879612;tab31;0:04:30;9/17/2013;Approved;9/17/2013;9/17/2013;11;1;25;1;2;3;6;1;2;4;1;99;1;96;5;3;53;13518
5879613;tab20;0:04:12;9/17/2013;Approved;9/17/2013;9/17/2013;11;1;48;2;2;3;7;1;1;2;1;1;1;2;5;1;1809;12585
5879660;tab37;0:02:46;9/17/2013;Approved;9/17/2013;9/17/2013;11;1;27;1;4;3;3;1;2;4;2;1;2;96;4;1;3547;11628
5879691;tab39;0:04:01;9/17/2013;Approved;9/17/2013;9/17/2013;11;1;48;1;2;3;8;1;2;4;2;1;1;2;2;1;2822;13204
5879729;tab33;0:06:58;9/17/2013;Approved;9/17/2013;9/17/2013;11;1;59;2;2;3;7;1;2;3;1;99;11;96;2;99;2000;13178
5879755;tab28;0:07:38;9/17/2013;Approved;9/17/2013;9/17/2013;11;1;64;1;1;3;7;1;1;4;1;1;7;2;2;1;1941;11479
5879783;tab09;0:08:07;9/17/2013;Approved;9/17/2013;9/17/2013;11;1;52;1;2;2;6;1;2;1;2;1;4;96;5;3;3844;12583
5879787;tab03;0:20:14;9/17/2013;Approved;9/17/2013;9/17/2013;11;1;27;2;2;4;3;2;2;3;2;1;11;96;3;2;2702;10231
5879813;tab08;0:10:52;9/17/2013;Approved;9/17/2013;9/17/2013;11;1;65;2;2;1;10;1;2;4;1;1;12;96;5;1;3603;12008
5879821;tab06;0:03:45;9/17/2013;Approved;9/17/2013;9/17/2013;11;1;40;1;3;3;4;1;2;4;2;1;1;1;6;4;3081;13260
5879854;tab19;0:03:51;9/17/2013;Approved;9/17/2013;9/17/2013;11;1;38;1;2;4;,5;1;1;4;1;1;4;2;2;1;2508;11585
5879855;tab04;0:42:05;9/17/2013;Approved;9/17/2013;9/17/2013;11;1;45;1;2;3;4;1;2;2;2;1;1;96;7;3;3457;13266
5879865;tab38;0:03:47;9/17/2013;Approved;9/17/2013;9/17/2013;11;1;26;2;2;5;1;1;2;4;1;1;11;96;5;1;2663;13211
5879878;tab20;0:05:29;9/17/2013;Approved;9/17/2013;9/17/2013;11;1;25;1;4;3;,5;1;2;2;2;1;7;2;5;1;1809;12585
5879881;tab39;0:03:32;9/17/2013;Approved;9/17/2013;9/17/2013;11;1;32;1;2;4;2;1;2;4;1;2;1;96;7;4;2822;13204
5879892;tab25;0:03:08;9/17/2013;Approved;9/17/2013;9/17/2013;11;1;33;2;2;3;6;1;2;4;2;2;1;2;7;4;620;3261
5879896;tab31;0:04:00;9/17/2013;Approved;9/17/2013;9/17/2013;11;1;17;2;3;3;5;1;2;3;1;1;13;96;4;2;53;13518
5879911;tab21;0:04:46;9/17/2013;Approved;9/17/2013;9/17/2013;11;1;50;2;4;5;2;1;1;4;99;99;1;96;2;2;3639;11759
5879941;tab15;0:03:32;9/17/2013;Approved;9/17/2013;9/17/2013;11;1;26;2;3;99;99;1;99;4;2;99;1;96;2;1;3283;13369
5879942;tab33;0:02:58;9/17/2013;Approved;9/17/2013;9/17/2013;11;1;34;1;3;5;1;1;1;3;1;2;2;96;7;4;2000;13178
5879943;tab05;0:04:13;9/17/2013;Approved;9/17/2013;9/17/2013;11;1;53;2;2;5;,5;1;1;4;2;99;10;95;3;1;3142;13633
5879968;tab29;0:07:43;9/17/2013;Approved;9/17/2013;9/17/2013;11;1;40;1;1;5;,5;1;2;1;2;1;1;96;6;2;380;11150
5879974;tab35;0:18:07;9/17/2013;Approved;9/17/2013;9/17/2013;11;1;33;1;3;2;6;99;2;4;2;99;1;1;1;2;802;5621
5879995;tab03;0:05:09;9/17/2013;Approved;9/17/2013;9/17/2013;11;1;23;2;4;99;99;1;2;4;99;99;14;96;5;1;2702;10231
5880033;tab28;0:06:09;9/17/2013;Approved;9/17/2013;9/17/2013;11;1;70;2;1;3;8;1;2;1;2;1;12;96;5;1;1941;11479
5880055;tab33;0:02:15;9/17/2013;Approved;9/17/2013;9/17/2013;11;1;47;1;2;3;2;1;2;3;2;1;7;96;5;3;2000;13178
5880064;tab27;1:01:22;9/17/2013;Approved;9/17/2013;9/17/2013;11;1;49;1;2;1;8;1;2;4;1;2;1;96;1;1;1882;11645
5880093;tab04;0:04:51;9/17/2013;Approved;9/17/2013;9/17/2013;11;1;24;2;2;5;5;1;2;4;1;1;13;96;5;3;3457;13266
5880122;tab05;0:03:23;9/17/2013;Approved;9/17/2013;9/17/2013;11;1;33;2;2;3;5;1;1;4;1;1;1;2;5;4;3142;13633
5880126;tab31;0:04:18;9/17/2013;Approved;9/17/2013;9/17/2013;11;1;22;2;2;2;5;1;2;3;2;1;7;96;3;3;53;13518
5880150;tab25;0:04:01;9/17/2013;Approved;9/17/2013;9/17/2013;11;1;30;1;2;3;7;1;1;2;1;2;7;2;7;3;620;3261
5880159;tab07;0:06:01;9/17/2013;Approved;9/17/2013;9/17/2013;11;1;33;2;1;1;9;1;2;1;1;1;2;96;4;2;3373;13239
5880199;tab39;0:03:55;9/17/2013;Approved;9/17/2013;9/17/2013;11;1;53;2;2;3;4;1;1;1;1;2;1;2;8;2;2822;13204
5880209;tab20;0:04:34;9/17/2013;Approved;9/17/2013;9/17/2013;11;1;28;2;2;2;6;1;2;4;1;2;10;2;2;1;1809;12585
5880231;tab26;0:23:15;9/17/2013;Approved;9/17/2013;9/17/2013;11;1;23;2;2;4;2;1;2;3;99;99;7;96;5;2;1188;13114
5880251;tab19;0:03:41;9/17/2013;Approved;9/17/2013;9/17/2013;11;1;21;2;2;5;1;1;2;4;2;2;2;2;5;1;2508;11585
5880252;tab06;0:04:22;9/17/2013;Approved;9/17/2013;9/17/2013;11;1;30;1;1;2;10;1;2;4;2;2;7;2;3;3;3081;13260
5880253;tab22;0:05:06;9/17/2013;Approved;9/17/2013;9/17/2013;11;1;36;1;1;4;3;1;2;1;2;2;5;96;7;4;466;13179
5880255;tab10;0:05:14;9/17/2013;Approved;9/17/2013;9/17/2013;11;1;30;2;2;5;3;1;2;4;2;1;1;96;7;5;3271;11248
5880257;tab23;0:17:57;9/17/2013;Approved;9/17/2013;9/17/2013;11;1;40;1;2;99;5;1;2;2;2;2;1;2;5;3;3160;2226
5880274;tab33;0:06:18;9/17/2013;Approved;9/17/2013;9/17/2013;11;1;45;1;2;5;,5;1;1;4;1;2;6;96;7;5;2000;13178
5880277;tab21;0:11:31;9/17/2013;Approved;9/17/2013;9/17/2013;11;1;48;1;1;5;,5;1;2;1;2;2;7;96;2;2;3639;11759
5880279;tab07;0:03:22;9/17/2013;Approved;9/17/2013;9/17/2013;11;1;30;2;3;3;,5;1;1;4;1;1;16;96;4;1;3373;13239
5880322;tab02;0:05:39;9/17/2013;Approved;9/17/2013;9/17/2013;11;1;58;1;1;5;6;1;2;1;2;1;6;4;7;6;2091;13467
5880371;tab28;0:03:05;9/17/2013;Approved;9/17/2013;9/17/2013;11;1;18;1;3;5;,5;1;2;4;2;1;10;96;5;4;1941;11479
5880374;tab25;0:06:13;9/17/2013;Approved;9/17/2013;9/17/2013;11;1;19;2;2;3;4;1;2;4;1;1;13;2;6;2;620;3261
5880430;tab08;0:18:09;9/17/2013;Approved;9/17/2013;9/17/2013;11;1;33;1;1;5;4;1;1;2;1;1;4;96;2;2;3603;12008
5880440;tab32;0:03:37;9/17/2013;Approved;9/17/2013;9/17/2013;11;1;18;2;2;4;5;1;2;4;2;2;1;96;6;3;825;10348
5880459;tab39;0:04:21;9/17/2013;Approved;9/17/2013;9/17/2013;11;1;82;2;2;1;9;1;2;1;1;2;12;96;2;1;2822;13204
5880468;tab05;0:03:25;9/17/2013;Approved;9/17/2013;9/17/2013;11;1;27;2;3;4;,5;1;2;4;1;1;1;2;5;3;3142;13633
5880478;tab10;0:03:59;9/17/2013;Approved;9/17/2013;9/17/2013;11;1;71;2;3;4;2;1;1;3;99;99;12;96;1;3;3271;11248
5880484;tab16;0:07:59;9/17/2013;Approved;9/17/2013;9/17/2013;11;1;58;2;2;5;5;99;1;4;2;2;11;96;5;1;2143;898
5880485;tab16;0:09:32;9/17/2013;Approved;9/17/2013;9/17/2013;11;1;52;2;3;99;,5;99;2;4;1;1;16;96;1;1;2143;898
5880505;tab30;0:04:56;9/17/2013;Approved;9/17/2013;9/17/2013;11;1;20;1;3;5;3;1;2;4;2;1;2;2;5;2;2046;5385
5880523;tab13;0:05:24;9/17/2013;Approved;9/17/2013;9/17/2013;11;1;26;1;2;2;6;99;2;2;2;1;3;98;7;4;1222;13222
5880529;tab23;0:06:28;9/17/2013;Approved;9/17/2013;9/17/2013;11;1;16;1;4;3;6;1;2;4;1;2;13;96;2;2;3160;2226
5880546;tab29;0:04:24;9/17/2013;Approved;9/17/2013;9/17/2013;11;1;30;1;4;99;,5;1;2;4;2;2;1;2;2;2;380;11150
5880547;tab33;0:03:29;9/17/2013;Approved;9/17/2013;9/17/2013;11;1;18;1;2;5;,5;1;2;4;2;99;1;96;5;2;2000;13178
5880588;tab09;0:09:48;9/17/2013;Approved;9/17/2013;9/17/2013;11;1;25;2;3;99;7;1;2;2;2;2;7;96;5;3;3844;12583
5880594;tab37;0:03:40;9/17/2013;Approved;9/17/2013;9/17/2013;11;1;40;1;2;2;7;1;2;2;2;1;1;96;5;4;3547;11628
5880620;tab25;0:05:43;9/17/2013;Approved;9/17/2013;9/17/2013;11;1;24;1;2;2;6;1;1;4;1;1;1;2;5;6;620;3261
5880622;tab28;0:05:37;9/17/2013;Approved;9/17/2013;9/17/2013;11;1;22;1;2;5;4;1;2;4;1;1;16;96;4;4;1941;11479
5880639;tab08;0:05:39;9/17/2013;Approved;9/17/2013;9/17/2013;11;1;41;2;2;4;6;1;2;2;2;1;4;96;7;5;3603;12008
5880650;tab39;0:03:24;9/17/2013;Approved;9/17/2013;9/17/2013;11;1;20;2;2;3;6;1;1;4;1;2;13;96;6;2;2822;13204
5880671;tab21;0:05:46;9/17/2013;Approved;9/17/2013;9/17/2013;11;1;54;2;2;3;5;1;2;2;1;2;7;2;5;3;3639;11759
5880699;tab04;0:05:01;9/17/2013;Approved;9/17/2013;9/17/2013;11;1;19;2;2;3;5;1;2;2;2;1;13;96;6;3;3457;13266
5880701;tab06;0:03:51;9/17/2013;Approved;9/17/2013;9/17/2013;11;1;48;2;3;5;,5;1;2;4;1;99;15;2;7;3;3081;13260
5880710;tab30;0:04:03;9/17/2013;Approved;9/17/2013;9/17/2013;11;1;50;1;2;4;4;1;2;1;2;2;4;96;5;5;2046;5385
5880722;Tab24;0:31:25;9/17/2013;Approved;9/17/2013;9/17/2013;11;1;55;1;2;3;7;1;2;2;2;1;3;96;7;2;2263;13334
5880755;tab33;0:03:03;9/17/2013;Approved;9/17/2013;9/17/2013;11;1;19;1;2;4;4;1;2;4;1;1;13;96;6;97;2000;13178
5880766;tab07;0:03:20;9/17/2013;Approved;9/17/2013;9/17/2013;11;1;23;2;1;5;5;1;2;2;2;1;1;96;6;3;3373;13239
5880817;tab35;0:22:25;9/17/2013;Approved;9/17/2013;9/17/2013;11;1;75;2;2;99;2;99;99;4;99;99;11;5;2;99;802;5621
5880857;tab09;0:04:59;9/17/2013;Approved;9/17/2013;9/17/2013;11;1;21;2;4;2;5;1;1;4;2;2;7;2;4;1;3844;12583
5880863;tab37;0:03:04;9/17/2013;Approved;9/17/2013;9/17/2013;11;1;23;2;2;99;5;1;2;4;2;99;1;96;5;1;3547;11628
5880892;tab32;0:03:50;9/17/2013;Approved;9/17/2013;9/17/2013;11;1;40;1;1;1;10;1;2;1;2;1;1;96;8;6;825;10348
5880911;tab29;0:03:23;9/17/2013;Approved;9/17/2013;9/17/2013;11;1;32;1;1;4;,5;1;2;1;2;1;1;96;5;1;380;11150
5880918;tab23;0:07:45;9/17/2013;Approved;9/17/2013;9/17/2013;11;1;33;2;2;5;9;1;2;4;2;2;2;96;2;1;3160;2226
5880953;tab27;0:22:38;9/17/2013;Approved;9/17/2013;9/17/2013;11;1;68;2;2;3;5;1;2;4;2;1;11;96;2;2;1882;11645
5880983;tab39;0:03:32;9/17/2013;Approved;9/17/2013;9/17/2013;11;1;53;1;2;2;8;1;1;4;1;99;10;96;5;3;2822;13204
5880990;tab30;0:05:35;9/17/2013;Approved;9/17/2013;9/17/2013;11;1;71;2;1;3;8;2;1;1;1;1;12;2;2;1;2046;5385
5880999;Tab24;0:03:41;9/17/2013;Approved;9/17/2013;9/17/2013;11;1;27;1;1;3;5;1;2;1;2;1;7;96;6;4;2263;13334
5881021;tab20;0:18:55;9/17/2013;Approved;9/17/2013;9/17/2013;11;1;22;1;3;5;,5;1;1;4;2;1;1;2;5;1;1809;12585
5881041;tab33;0:02:01;9/17/2013;Approved;9/17/2013;9/17/2013;11;1;18;2;1;3;2;1;2;1;1;2;2;96;5;4;2000;13178
5881043;tab08;0:10:52;9/17/2013;Approved;9/17/2013;9/17/2013;11;1;59;1;2;3;6;1;2;1;2;1;7;96;7;3;3603;12008
5881045;tab25;0:11:39;9/17/2013;Approved;9/17/2013;9/17/2013;11;1;40;1;1;5;,5;1;2;1;2;2;4;96;5;1;620;3261
5881046;tab31;0:04:34;9/17/2013;Approved;9/17/2013;9/17/2013;11;1;28;2;2;3;9;1;2;3;2;2;7;2;5;1;53;13518
5881068;tab23;0:03:49;9/17/2013;Approved;9/17/2013;9/17/2013;11;1;71;1;2;2;8;1;2;1;2;99;12;2;6;4;3160;2226
5881072;tab32;0:04:19;9/17/2013;Approved;9/17/2013;9/17/2013;11;1;28;1;1;5;,5;1;2;2;1;2;1;96;8;4;825;10348
5881111;tab35;0:09:04;9/17/2013;Approved;9/17/2013;9/17/2013;11;1;52;2;2;2;8;1;2;4;2;2;11;2;5;3;802;5621
5881115;tab09;0:07:18;9/17/2013;Approved;9/17/2013;9/17/2013;11;1;91;2;1;5;,5;1;2;1;2;1;12;96;1;3;3844;12583
5881122;tab10;0:05:39;9/17/2013;Approved;9/17/2013;9/17/2013;11;1;42;1;1;3;5;1;2;1;2;1;3;2;8;4;3271;11248
5881129;tab14;0:04:38;9/17/2013;Approved;9/17/2013;9/17/2013;11;1;54;2;2;3;5;99;1;4;1;1;11;2;2;1;183;6248
5881372;tab16;0:14:09;9/17/2013;Approved;9/17/2013;9/17/2013;11;1;55;2;2;2;8;1;1;2;1;1;11;2;7;1;2143;898
5881374;tab28;0:17:35;9/17/2013;Approved;9/17/2013;9/17/2013;11;1;68;2;1;3;9;1;2;1;1;2;11;96;2;1;1941;11479
5881394;tab12;0:30:45;9/17/2013;Approved;9/17/2013;9/17/2013;11;1;44;2;2;3;5;1;2;2;2;2;11;2;3;1;2496;4352
5881408;tab04;0:05:28;9/17/2013;Approved;9/17/2013;9/17/2013;11;1;40;1;1;2;5;1;2;2;2;2;1;14;3;2;3457;13266
5881458;tab25;0:05:53;9/17/2013;Approved;9/17/2013;9/17/2013;11;1;51;2;2;3;8;1;1;4;1;99;11;2;5;97;620;3261
5881522;tab06;0:03:09;9/17/2013;Approved;9/17/2013;9/17/2013;11;1;50;2;4;3;7;1;2;4;1;2;11;2;1;1;3081;13260
5881523;tab06;0:04:16;9/17/2013;Approved;9/17/2013;9/17/2013;11;1;18;1;4;5;2;1;1;4;1;1;10;2;2;1;3081;13260
5881530;tab32;0:03:45;9/17/2013;Approved;9/17/2013;9/17/2013;11;1;59;2;2;5;,5;1;2;4;2;2;1;96;3;3;825;10348
5881546;tab23;0:08:17;9/17/2013;Approved;9/17/2013;9/17/2013;11;1;59;2;4;5;,5;1;2;4;2;2;12;96;2;1;3160;2226
5881570;tab30;0:08:33;9/17/2013;Approved;9/17/2013;9/17/2013;11;1;48;1;1;4;1;1;2;2;2;1;7;4;5;3;2046;5385
5881587;tab02;0:28:29;9/17/2013;Approved;9/17/2013;9/17/2013;11;1;47;1;2;5;,5;1;2;1;2;2;1;2;2;1;2091;13467
5881595;tab21;0:05:06;9/17/2013;Approved;9/17/2013;9/17/2013;11;1;55;1;2;5;5;1;2;2;2;2;1;2;2;2;3639;11759
5881691;tab22;0:05:39;9/17/2013;Approved;9/17/2013;9/17/2013;11;1;40;1;1;3;9;1;2;1;2;1;1;96;5;4;466;13179
5881695;tab37;0:03:00;9/17/2013;Approved;9/17/2013;9/17/2013;11;1;21;2;4;2;10;1;2;4;2;1;2;96;5;2;3547;11628
5881728;tab27;0:14:13;9/17/2013;Approved;9/17/2013;9/17/2013;11;1;26;2;4;2;10;2;2;4;2;1;1;96;4;1;1882;11645
5881738;tab04;0:04:33;9/17/2013;Approved;9/17/2013;9/17/2013;11;1;56;1;1;3;8;1;2;1;2;2;4;96;7;5;3457;13266
5881773;tab11;0:03:45;9/17/2013;Approved;9/17/2013;9/17/2013;11;1;45;2;2;3;3;1;1;4;99;99;1;96;3;1;1506;13221
5881802;tab10;0:04:05;9/17/2013;Approved;9/17/2013;9/17/2013;11;1;19;2;2;4;,5;2;2;1;2;1;1;96;6;97;3271;11248
5881803;tab35;0:12:54;9/17/2013;Approved;9/17/2013;9/17/2013;11;1;18;1;4;3;2;2;2;4;2;1;13;2;4;2;802;5621
5881818;tab09;0:05:14;9/17/2013;Approved;9/17/2013;9/17/2013;11;1;38;2;2;4;5;1;2;4;1;1;1;4;2;3;3844;12583
5881837;tab08;0:16:02;9/17/2013;Approved;9/17/2013;9/17/2013;11;1;27;1;4;5;,5;1;2;3;99;99;1;4;1;1;3603;12008
5881871;tab20;0:04:15;9/17/2013;Approved;9/17/2013;9/17/2013;11;1;35;2;1;1;8;1;2;1;2;2;10;1;8;4;1809;12585
5881876;tab28;0:10:44;9/17/2013;Approved;9/17/2013;9/17/2013;11;1;45;2;2;2;10;1;2;1;1;1;11;96;5;6;1941;11479
5881877;tab29;0:03:32;9/17/2013;Approved;9/17/2013;9/17/2013;11;1;35;1;2;3;7;1;2;4;2;1;1;96;2;1;380;11150
5881897;tab32;0:04:58;9/17/2013;Approved;9/17/2013;9/17/2013;11;1;63;2;1;5;5;1;1;1;1;1;12;96;1;1;825;10348
5881941;tab02;0:05:13;9/17/2013;Approved;9/17/2013;9/17/2013;11;1;28;2;1;4;4;1;2;1;2;1;4;96;6;3;2091;13467
5881954;tab25;0:11:15;9/17/2013;Approved;9/17/2013;9/17/2013;11;1;26;2;1;2;5;1;2;2;2;1;3;96;7;3;620;3261
5881963;tab06;0:03:18;9/17/2013;Approved;9/17/2013;9/17/2013;11;1;19;1;4;1;9;2;2;4;1;99;13;4;4;4;3081;13260
5881978;tab11;0:02:46;9/17/2013;Approved;9/17/2013;9/17/2013;11;1;19;2;4;1;10;1;1;4;99;99;1;96;5;2;1506;13221
5881990;tab23;0:10:48;9/17/2013;Approved;9/17/2013;9/17/2013;11;1;39;1;1;5;4;1;2;1;2;2;1;96;5;1;3160;2226
5881999;tab39;0:04:56;9/17/2013;Approved;9/17/2013;9/17/2013;11;1;28;2;2;4;5;1;2;2;1;1;1;2;6;1;2822;13204
5882015;tab30;0:03:29;9/17/2013;Approved;9/17/2013;9/17/2013;11;1;33;1;2;5;,5;1;2;2;2;1;1;96;3;1;2046;5385
5882026;tab22;0:06:27;9/17/2013;Approved;9/17/2013;9/17/2013;11;1;50;1;3;99;10;99;1;2;99;1;10;2;6;1;466;13179
5882030;tab35;0:06:31;9/17/2013;Approved;9/17/2013;9/17/2013;11;1;68;2;2;3;6;1;1;4;1;1;12;4;3;4;802;5621
5882034;tab04;0:04:51;9/17/2013;Approved;9/17/2013;9/17/2013;11;1;45;1;2;3;4;1;2;2;2;2;1;96;7;3;3457;13266
5882134;tab23;0:03:35;9/17/2013;Approved;9/17/2013;9/17/2013;11;1;20;2;2;3;4;1;2;3;2;1;7;96;5;2;3160;2226
5882138;tab28;0:06:50;9/17/2013;Approved;9/17/2013;9/17/2013;11;1;52;2;2;3;7;1;2;1;2;1;10;96;7;5;1941;11479
5882159;tab20;0:04:31;9/17/2013;Approved;9/17/2013;9/17/2013;11;1;20;2;4;2;7;1;2;4;2;1;2;2;5;3;1809;12585
5882205;tab08;0:09:40;9/17/2013;Approved;9/17/2013;9/17/2013;11;1;22;2;4;99;5;1;1;4;1;1;1;2;5;1;3603;12008
5882228;tab13;0:04:07;9/17/2013;Approved;9/17/2013;9/17/2013;11;1;23;2;2;5;3;1;2;2;1;2;3;96;7;2;1222;13222
5882231;tab14;0:03:39;9/17/2013;Approved;9/17/2013;9/17/2013;11;1;18;2;2;3;6;1;2;4;1;2;13;96;6;1;183;6248
5882262;tab30;0:04:52;9/17/2013;Approved;9/17/2013;9/17/2013;11;1;51;1;2;4;6;2;2;2;2;1;9;2;2;2;2046;5385
5882384;tab27;0:17:21;9/17/2013;Approved;9/17/2013;9/17/2013;11;1;38;1;3;1;10;1;2;4;1;1;7;96;2;1;1882;11645
5882489;tab07;0:02:43;9/17/2013;Approved;9/17/2013;9/17/2013;11;1;42;2;2;4;5;1;2;2;2;1;3;96;7;3;631;13239
5882495;tab20;0:04:06;9/17/2013;Approved;9/17/2013;9/17/2013;11;1;32;2;1;5;,5;1;2;1;2;2;11;4;5;1;1809;12585
5882569;tab30;0:04:36;9/17/2013;Approved;9/17/2013;9/17/2013;11;1;27;2;2;4;6;1;2;4;1;2;10;2;5;2;2046;5385
5882581;Tab24;0:32:24;9/17/2013;Approved;9/17/2013;9/17/2013;11;1;35;1;2;3;7;1;2;2;2;1;1;2;5;2;2263;13334
5882605;tab32;0:04:26;9/17/2013;Approved;9/17/2013;9/17/2013;11;1;27;1;2;3;2;1;2;2;2;99;7;96;7;5;825;10348
5882617;tab04;0:04:48;9/17/2013;Approved;9/17/2013;9/17/2013;11;1;80;1;3;99;99;99;99;4;99;99;4;96;1;3;3457;13622
5882678;tab28;0:13:14;9/17/2013;Approved;9/17/2013;9/17/2013;11;1;21;2;4;99;6;1;2;4;2;1;7;96;5;3;1941;11479
5882716;tab07;0:03:57;9/17/2013;Approved;9/17/2013;9/17/2013;11;1;36;1;2;5;2;1;1;4;1;1;10;96;7;2;631;13239
5882744;tab10;0:04:40;9/17/2013;Approved;9/17/2013;9/17/2013;11;1;56;2;2;5;,5;1;2;4;1;1;1;96;4;4;3271;11248
5882859;tab27;0:11:14;9/17/2013;Approved;9/17/2013;9/17/2013;11;1;19;1;2;3;6;1;2;4;2;2;7;2;4;1;1882;11645
5882923;tab30;0:04:09;9/17/2013;Approved;9/17/2013;9/17/2013;11;1;30;2;2;5;,5;1;2;4;2;2;16;96;5;3;2046;5385
5882972;tab21;0:12:56;9/17/2013;Approved;9/17/2013;9/17/2013;11;1;25;1;2;5;4;1;2;2;2;1;1;2;2;1;3639;11759
5882982;tab11;0:04:08;9/17/2013;Approved;9/17/2013;9/17/2013;11;1;69;2;1;3;4;1;2;1;2;1;12;4;3;2;1506;13221
5883019;tab07;0:04:26;9/17/2013;Approved;9/17/2013;9/17/2013;11;1;37;1;2;3;5;1;2;4;2;1;1;96;7;3;631;13239
5883065;tab14;0:05:01;9/17/2013;Approved;9/17/2013;9/17/2013;11;1;44;2;4;99;5;1;99;4;1;1;1;2;5;3;183;6248
5883098;tab08;0:23:54;9/17/2013;Approved;9/17/2013;9/17/2013;11;1;18;2;2;3;6;1;2;4;99;99;13;4;6;1;3603;12008
5883120;tab25;0:31:29;9/17/2013;Approved;9/17/2013;9/17/2013;11;1;29;2;3;2;7;1;1;4;1;99;7;2;2;1;620;3261
5883132;tab04;0:04:24;9/17/2013;Approved;9/17/2013;9/17/2013;11;1;31;2;2;3;3;1;1;2;2;2;11;96;7;2;3457;13266
5883161;tab13;0:24:56;9/17/2013;Approved;9/17/2013;9/17/2013;11;1;23;1;2;4;5;1;99;2;1;1;8;96;5;1;1222;13222
5883278;tab27;0:12:43;9/17/2013;Approved;9/17/2013;9/17/2013;11;1;22;2;2;3;5;1;2;4;2;1;2;96;5;3;1882;11645
5883280;tab30;0:05:15;9/17/2013;Approved;9/17/2013;9/17/2013;11;1;44;2;2;2;6;1;2;4;1;1;1;96;5;2;2046;5385
5883306;tab10;0:04:19;9/17/2013;Approved;9/17/2013;9/17/2013;11;1;17;1;2;2;8;1;1;4;1;1;1;96;4;4;3271;11248
5883379;tab07;0:02:32;9/17/2013;Approved;9/17/2013;9/17/2013;11;1;19;2;4;3;3;99;2;4;99;99;1;96;6;3;631;13239
5883388;tab11;0:03:50;9/17/2013;Approved;9/17/2013;9/17/2013;11;1;45;2;4;3;5;1;1;3;1;1;10;96;2;1;1506;13221
5883503;tab28;0:22:06;9/17/2013;Approved;9/17/2013;9/17/2013;11;1;27;1;3;5;3;1;2;4;2;1;1;96;5;2;1941;11479
5883552;tab04;0:04:16;9/17/2013;Approved;9/17/2013;9/17/2013;11;1;27;2;2;2;8;1;2;1;2;1;1;96;7;2;3457;13266
5883738;tab14;0:05:13;9/17/2013;Approved;9/17/2013;9/17/2013;11;1;30;2;3;99;5;1;2;3;1;1;1;96;1;1;183;6248
5883826;Tab24;0:30:55;9/17/2013;Approved;9/17/2013;9/17/2013;11;1;26;2;2;5;,5;1;2;4;2;1;13;14;6;4;2263;13334
5883929;tab02;0:51:56;9/17/2013;Approved;9/17/2013;9/17/2013;11;1;32;2;3;5;4;1;2;4;2;1;1;96;7;5;2091;13467
5884035;tab30;0:03:54;9/17/2013;Approved;9/17/2013;9/17/2013;11;1;42;2;2;4;2;1;2;2;1;1;2;96;5;1;2046;5385
5884048;tab21;0:03:57;9/17/2013;Approved;9/17/2013;9/17/2013;11;1;39;2;2;2;8;1;2;1;2;1;1;96;8;4;3639;11759
5884080;tab28;0:15:33;9/17/2013;Approved;9/17/2013;9/17/2013;11;1;38;2;2;2;9;1;2;1;2;1;10;4;6;1;1941;11479
5884412;tab28;0:08:41;9/17/2013;Approved;9/17/2013;9/17/2013;11;1;26;2;2;4;5;1;2;1;2;1;1;96;5;2;1941;11479
5884458;tab30;0:06:07;9/17/2013;Approved;9/17/2013;9/17/2013;11;1;28;1;2;99;99;1;2;4;99;99;2;96;5;2;2046;5385
5884685;tab30;0:03:45;9/17/2013;Approved;9/17/2013;9/17/2013;11;1;17;2;2;99;99;99;99;2;1;1;2;96;4;4;2046;5385
5884775;tab28;0:08:21;9/17/2013;Approved;9/17/2013;9/17/2013;11;1;21;2;2;5;,5;1;2;1;2;1;1;96;5;3;1941;11479
5884783;tab21;0:03:31;9/17/2013;Approved;9/17/2013;9/17/2013;11;1;37;2;1;1;6;1;2;1;2;1;1;96;6;3;3639;11759
5884806;tab14;0:04:44;9/17/2013;Approved;9/17/2013;9/17/2013;11;1;45;2;3;5;,5;1;2;4;99;2;1;96;5;2;183;6248
5884889;tab30;0:04:14;9/17/2013;Approved;9/17/2013;9/17/2013;11;1;20;2;2;3;5;1;2;4;2;1;1;2;5;2;2046;5385
5885002;tab28;0:05:24;9/17/2013;Approved;9/17/2013;9/17/2013;11;1;29;1;2;3;4;1;2;4;2;2;1;4;7;4;1941;11479
5885023;tab17;0:06:57;9/17/2013;Approved;9/17/2013;9/17/2013;11;1;51;1;1;5;,5;1;2;1;1;99;4;96;3;1;386;13660
5885024;tab17;0:04:12;9/17/2013;Approved;9/17/2013;9/17/2013;11;1;25;2;3;4;,5;1;2;4;2;1;7;96;6;3;386;13660
5885025;tab17;0:04:27;9/17/2013;Approved;9/17/2013;9/17/2013;11;1;18;1;4;5;,5;1;2;4;2;2;7;96;5;4;386;13660
5885026;tab17;0:04:52;9/17/2013;Approved;9/17/2013;9/17/2013;11;1;47;2;3;3;7;1;2;3;1;99;2;96;5;1;386;13660
5885027;tab17;0:04:28;9/17/2013;Approved;9/17/2013;9/17/2013;11;1;39;1;2;2;8;2;1;4;1;1;16;2;3;2;386;13660
5885028;tab17;0:04:13;9/17/2013;Approved;9/17/2013;9/17/2013;11;1;65;2;1;3;6;1;2;1;2;99;12;96;4;4;386;13660
5885029;tab17;0:03:36;9/17/2013;Approved;9/17/2013;9/17/2013;11;1;42;2;2;3;6;1;2;4;2;2;1;96;5;1;386;13660
5885030;tab17;0:05:43;9/17/2013;Approved;9/17/2013;9/17/2013;11;1;20;1;4;2;8;2;1;4;1;1;2;95;5;2;386;13660
5885031;tab17;0:05:09;9/17/2013;Approved;9/17/2013;9/17/2013;11;1;53;1;3;3;3;1;2;4;2;2;2;1;1;3;386;13660
5885032;tab17;0:05:22;9/17/2013;Approved;9/17/2013;9/17/2013;11;1;68;1;1;5;3;1;2;1;2;99;12;4;7;4;386;13660
5885033;tab17;0:04:47;9/17/2013;Approved;9/17/2013;9/17/2013;11;1;66;2;1;3;5;99;1;1;1;99;11;96;4;1;386;13660
5885046;tab17;0:04:03;9/17/2013;Approved;9/17/2013;9/17/2013;11;1;29;1;2;3;4;1;2;2;2;1;2;4;5;3;386;13660
5885047;tab17;0:03:14;9/17/2013;Approved;9/17/2013;9/17/2013;11;1;30;1;2;5;2;1;2;4;2;1;1;2;5;2;386;13660
5885048;tab17;0:03:42;9/17/2013;Approved;9/17/2013;9/17/2013;11;1;16;2;2;5;2;1;2;4;99;99;13;96;4;5;386;13660
5885049;tab17;0:05:32;9/17/2013;Approved;9/17/2013;9/17/2013;11;1;51;2;2;2;5;1;2;2;1;1;12;2;5;2;386;13660
5885050;tab17;0:08:38;9/17/2013;Approved;9/17/2013;9/17/2013;11;1;33;2;2;5;,5;1;2;2;2;1;1;2;6;3;386;13660
5885051;tab17;0:04:12;9/17/2013;Approved;9/17/2013;9/17/2013;11;1;42;2;3;5;3;1;2;4;1;2;7;96;5;2;386;13660
5885052;tab17;0:05:00;9/17/2013;Approved;9/17/2013;9/17/2013;11;1;18;2;2;4;4;1;2;3;2;1;9;96;6;2;386;13660
5885079;Tab34;0:04:06;9/17/2013;Approved;9/17/2013;9/17/2013;10;1;33;1;1;3;7;1;2;1;2;2;1;96;5;2;1071;4987
5885080;Tab34;0:04:45;9/17/2013;Approved;9/17/2013;9/17/2013;10;1;57;2;1;2;8;1;2;1;1;1;12;96;7;97;1071;4987
5885081;Tab34;0:03:51;9/17/2013;Approved;9/17/2013;9/17/2013;10;1;30;1;2;3;4;1;1;2;1;99;1;96;7;4;1071;4987
5885082;Tab34;0:06:15;9/17/2013;Approved;9/17/2013;9/17/2013;10;1;66;1;2;3;5;1;1;1;2;1;7;96;3;4;1071;4987
5885083;Tab34;0:03:20;9/17/2013;Approved;9/17/2013;9/17/2013;10;1;57;2;1;5;,5;1;2;1;2;2;1;96;3;2;1071;4987
5885084;Tab34;0:02:58;9/17/2013;Approved;9/17/2013;9/17/2013;10;1;44;1;1;4;1;1;2;1;2;1;1;96;6;4;1071;4987
5885085;Tab34;0:04:53;9/17/2013;Approved;9/17/2013;9/17/2013;10;1;67;2;1;3;6;1;2;1;2;1;12;4;7;4;1071;4987
5885086;Tab34;0:03:34;9/17/2013;Approved;9/17/2013;9/17/2013;10;1;52;1;1;2;7;1;2;1;2;1;1;4;8;4;1071;4987
5885087;Tab34;0:05:36;9/17/2013;Approved;9/17/2013;9/17/2013;10;1;38;1;1;4;3;2;1;1;1;1;1;2;3;2;1071;4987
5885088;Tab34;0:03:16;9/17/2013;Approved;9/17/2013;9/17/2013;10;1;38;2;1;2;10;1;2;2;2;2;1;96;8;6;1071;4987
5885089;Tab34;0:03:32;9/17/2013;Approved;9/17/2013;9/17/2013;10;1;32;2;2;5;4;1;2;4;1;99;1;1;5;1;1071;4987
5885101;Tab34;0:03:24;9/17/2013;Approved;9/17/2013;9/17/2013;10;1;30;2;2;2;8;1;2;2;2;1;13;96;6;5;1071;4987
5885102;Tab34;0:03:40;9/17/2013;Approved;9/17/2013;9/17/2013;10;1;22;1;2;4;3;1;2;2;2;2;1;96;5;3;1071;4987
5885103;Tab34;0:02:57;9/17/2013;Approved;9/17/2013;9/17/2013;10;1;45;1;2;3;7;1;2;2;2;99;1;4;8;5;1071;4987
5885104;Tab34;0:03:23;9/17/2013;Approved;9/17/2013;9/17/2013;10;1;37;2;2;3;4;1;2;4;1;1;1;96;8;4;1071;4987
5885105;Tab34;0:02:59;9/17/2013;Approved;9/17/2013;9/17/2013;10;1;21;1;2;5;2;1;2;4;2;2;1;96;6;4;1071;4987
5885106;Tab34;0:03:19;9/17/2013;Approved;9/17/2013;9/17/2013;10;1;24;2;1;3;4;1;2;1;2;1;1;96;7;3;1071;4987
5885107;Tab34;0:03:20;9/17/2013;Approved;9/17/2013;9/17/2013;10;1;24;2;2;5;3;1;99;2;2;2;1;96;7;3;1071;4987
5885447;tab27;0:52:50;9/17/2013;Approved;9/17/2013;9/17/2013;11;1;31;2;2;5;,5;1;2;2;2;1;1;96;6;4;1882;11645
5885688;tab28;0:14:01;9/17/2013;Approved;9/17/2013;9/17/2013;11;1;25;2;1;2;9;1;2;1;2;99;10;14;7;1;1941;11479
5885820;tab32;0:04:31;9/17/2013;Approved;9/17/2013;9/17/2013;11;1;56;2;3;99;,5;1;2;4;1;1;7;2;3;1;825;10348
5885821;tab32;0:05:53;9/17/2013;Approved;9/17/2013;9/17/2013;11;1;71;2;4;99;99;2;99;4;99;99;12;2;2;1;825;10348
5885860;tab11;0:03:48;9/17/2013;Approved;9/17/2013;9/17/2013;11;1;43;1;2;3;7;1;2;2;2;1;1;96;5;4;1506;13221
5886187;tab04;0:05:32;9/17/2013;Approved;9/17/2013;9/17/2013;11;1;55;2;1;4;,5;1;2;4;2;2;2;96;3;1;3457;13266
5886188;tab04;0:12:06;9/17/2013;Approved;9/17/2013;9/17/2013;11;1;65;2;3;99;99;1;2;4;1;99;12;96;2;1;3457;13266
5886189;tab04;0:06:52;9/17/2013;Approved;9/17/2013;9/17/2013;11;1;85;2;4;5;5;1;2;2;2;1;12;95;2;2;3457;13266
5886226;tab28;0:12:13;9/17/2013;Approved;9/17/2013;9/17/2013;11;1;38;2;2;3;6;99;99;4;99;99;1;96;3;2;1941;11479
5886303;tab14;0:04:16;9/17/2013;Approved;9/17/2013;9/17/2013;11;1;31;1;3;5;2;1;2;4;1;1;1;14;5;3;183;6248
5886627;tab13;0:20:13;9/17/2013;Approved;9/17/2013;9/17/2013;11;1;28;2;2;3;6;1;2;2;2;1;3;96;7;2;1222;13222
5887711;tab26;0:36:23;9/17/2013;Approved;9/17/2013;9/17/2013;11;1;59;2;2;2;5;1;2;2;2;2;12;4;5;2;3832;13114
5887712;tab26;0:10:17;9/17/2013;Approved;9/17/2013;9/17/2013;11;1;73;1;2;5;,5;1;2;2;2;2;12;96;2;1;3832;13114
5887713;tab26;0:05:39;9/17/2013;Approved;9/17/2013;9/17/2013;11;1;34;2;1;2;9;1;2;1;2;1;3;96;7;3;3832;13114
5887714;tab26;0:09:22;9/17/2013;Approved;9/17/2013;9/17/2013;11;1;59;2;1;4;6;1;1;1;2;99;11;96;1;99;3832;13114
5887715;tab26;0:04:57;9/17/2013;Approved;9/17/2013;9/17/2013;11;1;69;2;2;4;7;1;2;1;2;1;12;96;5;2;3832;13114
5887716;tab26;0:10:52;9/17/2013;Approved;9/17/2013;9/17/2013;11;1;19;1;2;3;6;1;1;4;1;2;8;2;6;4;3832;13114
5887717;tab26;0:05:44;9/17/2013;Approved;9/17/2013;9/17/2013;11;1;36;2;4;99;99;99;2;4;99;1;1;96;5;2;3832;13114
5887718;tab26;0:18:06;9/17/2013;Approved;9/17/2013;9/17/2013;11;1;29;1;3;3;3;1;2;4;2;1;7;14;5;2;3832;13114
5887719;tab26;0:05:42;9/17/2013;Approved;9/17/2013;9/17/2013;11;1;23;2;1;4;4;1;2;2;2;1;1;96;6;2;3832;13114
5887720;tab26;0:03:51;9/17/2013;Approved;9/17/2013;9/17/2013;11;1;72;2;1;3;5;1;99;3;1;1;11;96;1;1;3832;13114
5888714;tab26;0:04:37;9/17/2013;Approved;9/17/2013;9/17/2013;11;1;30;2;4;99;8;1;2;4;2;1;1;96;5;1;3832;13114
5888715;tab26;0:14:45;9/17/2013;Approved;9/17/2013;9/17/2013;11;1;30;1;2;4;5;1;2;1;1;1;7;96;5;3;3832;13114
